source,target,correlation,abs_correlation,pairwise_n,p_value,sign
V05,V07,0.4925937285024111,0.4925937285024111,91,7.054338596304845e-07,positive
V07,V08,0.48712944665810276,0.48712944665810276,91,9.750968836993964e-07,positive
V09,V13,0.47098629474706993,0.47098629474706993,91,2.4574227309075264e-06,positive
T11,E10,-0.42609024739022333,0.42609024739022333,91,2.542293872883158e-05,negative
E14,E15,0.42432582130260915,0.42432582130260915,91,2.76852077428865e-05,positive
T12,T13,0.4241020762798395,0.4241020762798395,91,2.7985160276662467e-05,positive
E02,E03,0.4186026138405972,0.4186026138405972,91,3.63852275047974e-05,positive
V01,V13,0.4130516171324351,0.4130516171324351,91,4.720615645355518e-05,positive
V13,V14,0.4121447234390258,0.4121447234390258,91,4.923614384573753e-05,positive
T02,E12,0.41197599552605346,0.41197599552605346,91,4.962268358405313e-05,positive
V08,V10,0.4040350943951912,0.4040350943951912,91,7.136432411299061e-05,positive
V05,V06,0.4030946313083399,0.4030946313083399,91,7.44574390760567e-05,positive
E05,S15,-0.39220941669173937,0.39220941669173937,91,0.00012056622121451712,negative
T10,T12,0.39012356509782514,0.39012356509782514,91,0.00013198166137706293,positive
T01,T02,0.38638318565617985,0.38638318565617985,91,0.00015499342954192636,positive
T10,S05,0.3802996415547978,0.3802996415547978,91,0.00020047956470501643,positive
E09,V02,-0.3766726140364284,0.3766726140364284,91,0.00023316849297894132,negative
S11,V06,0.3763979609167758,0.3763979609167758,91,0.00023583392660814995,positive
T14,V07,-0.37046551660539584,0.37046551660539584,91,0.0003007278147811691,negative
T03,E04,-0.36936965687027007,0.36936965687027007,91,0.00031437963971637974,negative
E05,E06,0.3598040780170431,0.3598040780170431,91,0.00046013275583909897,positive
S01,S03,0.355029232358305,0.355029232358305,91,0.0005540618675825314,positive
E11,E15,0.35407754411537207,0.35407754411537207,91,0.0005747625108650496,positive
E15,V10,-0.3536170596829312,0.3536170596829312,91,0.0005850307310491398,negative
V05,V15,0.34285930514673657,0.34285930514673657,91,0.0008781697323908088,positive
E07,E10,0.3380595263499696,0.3380595263499696,91,0.0010478351618906864,positive
T13,S07,-0.3361107252975509,0.3361107252975509,91,0.0011248511944692867,negative
S02,V01,-0.3355595913990955,0.3355595913990955,91,0.0011475460941046283,negative
E12,V13,-0.33361609702235034,0.33361609702235034,91,0.0012309357038836624,negative
T01,V12,-0.33108460606492623,0.33108460606492623,91,0.0013477960717086688,negative
T12,S13,0.33004392527628024,0.33004392527628024,91,0.0013986878037333212,positive
V01,V02,0.32810546023518977,0.32810546023518977,91,0.0014981504338618212,positive
T04,T11,-0.31871926086949537,0.31871926086949537,91,0.0020764111140896507,negative
S05,V13,0.314178290065877,0.314178290065877,91,0.0024227352727977346,positive
T02,V15,-0.31333808827651227,0.31333808827651227,91,0.0024922357128614944,negative
T01,S04,-0.31038630043630183,0.31038630043630183,91,0.0027508439523936867,negative
T01,T12,-0.3056962630608612,0.3056962630608612,91,0.0032115407932758883,negative
V10,V12,0.3049122877101781,0.3049122877101781,91,0.003294957615846282,positive
E08,S03,-0.3045961220284875,0.3045961220284875,91,0.00332914367458907,negative
E03,E12,-0.30256330625283767,0.30256330625283767,91,0.00355663227442902,negative
V06,V07,0.30099929523035845,0.30099929523035845,91,0.003741015014593815,positive
T04,V05,-0.30046318291371593,0.30046318291371593,91,0.0038061558767602654,negative
S13,V10,0.2990860397258511,0.2990860397258511,91,0.003978154625456215,positive
E05,S14,-0.29636163805054444,0.29636163805054444,91,0.004338985394526264,negative
S07,V02,0.29612503240119836,0.29612503240119836,91,0.004371658089156796,positive
T02,E05,-0.2946156573579006,0.2946156573579006,91,0.004585295377046063,negative
T04,T15,0.29268749203517264,0.29268749203517264,91,0.004871702341508274,positive
E08,V02,0.2911685292713957,0.2911685292713957,91,0.005108416353531396,positive
T08,T09,0.2890932985209195,0.2890932985209195,91,0.005448320111079351,positive
T03,V03,-0.2886430431861404,0.2886430431861404,91,0.005524664333905782,negative
T14,S05,0.28783769257616143,0.28783769257616143,91,0.0056635872203881004,positive
T06,S08,-0.2874141329692463,0.2874141329692463,91,0.005737886908220374,negative
E08,V09,0.28699385577237846,0.28699385577237846,91,0.005812463524155039,positive
E01,E10,0.2860050187016563,0.2860050187016563,91,0.005991326938061884,positive
T03,T12,0.2858428577933564,0.2858428577933564,91,0.006021119714934242,positive
S02,S07,-0.28502013467879145,0.28502013467879145,91,0.006174303762808486,negative
T12,E06,-0.2849957989821908,0.2849957989821908,91,0.006178886916779703,negative
V01,V14,0.2841148967102277,0.2841148967102277,91,0.006346828046288309,positive
V04,V06,0.28386575171380946,0.28386575171380946,91,0.006395053459116375,positive
E02,E07,-0.28345174245538546,0.28345174245538546,91,0.0064759076221856905,negative
T09,S14,-0.2829630400395842,0.2829630400395842,91,0.006572511242709986,negative
E11,S11,0.2822182660587931,0.2822182660587931,91,0.006722183951400354,positive
T11,E01,-0.2809251869728322,0.2809251869728322,91,0.006989210109541149,negative
T02,S10,-0.28045876352775223,0.28045876352775223,91,0.00708780177212064,negative
V04,V13,0.2801287235088853,0.2801287235088853,91,0.007158304534522158,positive
E13,V02,-0.27940151583331524,0.27940151583331524,91,0.007315837507306511,negative
S02,S04,0.27892009866260875,0.27892009866260875,91,0.007421800204292457,positive
E02,S09,-0.27795123965203555,0.27795123965203555,91,0.007639161289000692,negative
E08,S12,-0.2775742322698861,0.2775742322698861,91,0.007725246056360724,negative
V06,V12,0.2775175831973981,0.2775175831973981,91,0.007738254715068705,positive
V03,V10,0.2774344106918139,0.2774344106918139,91,0.007757389066379836,positive
E13,V01,-0.27720761326017895,0.27720761326017895,91,0.007809777134980055,negative
S10,V12,-0.2747322769303085,0.2747322769303085,91,0.008402133837862745,negative
T08,E11,-0.27138840889671495,0.27138840889671495,91,0.009264884519439786,negative
E15,S13,-0.2711233253919274,0.2711233253919274,91,0.009336490345800997,negative
T05,S11,0.2701056970179018,0.2701056970179018,91,0.009615905442081565,positive
E15,V15,0.2691534065075746,0.2691534065075746,91,0.00988399055659272,positive
T09,V10,-0.26681507211515676,0.26681507211515676,91,0.010570213108835678,negative
T04,T14,0.2661154788764017,0.2661154788764017,91,0.010783455118099203,positive
E13,S06,-0.26587173635457323,0.26587173635457323,91,0.010858627957372495,negative
T06,E14,0.26577913018301524,0.26577913018301524,91,0.010887308497532165,positive
E08,S13,-0.2651509721330731,0.2651509721330731,91,0.011083604605413667,negative
T04,S08,-0.2647694826277832,0.2647694826277832,91,0.011204320504356652,negative
E10,S06,0.26458334992870625,0.26458334992870625,91,0.011263634537857774,positive
E14,V10,-0.2643218122171302,0.2643218122171302,91,0.011347440576334834,negative
S02,V14,-0.26421226247059404,0.26421226247059404,91,0.011382705618249743,negative
V07,V09,0.26410773176987906,0.26410773176987906,91,0.011416444108903925,positive
E03,E07,-0.2640356822521557,0.2640356822521557,91,0.011439749690919848,negative
V04,V15,0.2634670918596857,0.2634670918596857,91,0.011625130372958111,positive
E06,S10,0.2630807650395906,0.2630807650395906,91,0.011752576535706567,positive
V03,V12,0.2618068139013233,0.2618068139013233,91,0.012181514545671672,positive
E10,E15,0.26170684788243415,0.26170684788243415,91,0.012215742786140545,positive
T02,V07,-0.2613781199543282,0.2613781199543282,91,0.012328890147591337,negative
T14,V05,-0.26090991286801934,0.26090991286801934,91,0.012491620997191479,negative
E15,S02,-0.2604974417026779,0.2604974417026779,91,0.012636525991444497,negative
T15,S04,-0.2602131439464011,0.2602131439464011,91,0.012737251979844915,negative
E01,E09,0.2596830074798818,0.2596830074798818,91,0.012926944768442724,positive
E13,V13,-0.2585476984391764,0.2585476984391764,91,0.013341460847354438,negative
E11,V09,0.25813557047140323,0.25813557047140323,91,0.013494765725432439,positive
T06,S07,0.25728043413612783,0.25728043413612783,91,0.013817750439146181,positive
T12,S05,0.25668770873737534,0.25668770873737534,91,0.014045540751384393,positive
S09,V03,0.25602373716668597,0.25602373716668597,91,0.014304573909971313,positive
T09,T10,-0.25563763071269135,0.25563763071269135,91,0.014457101146417229,negative
E03,S09,-0.25444444602636845,0.25444444602636845,91,0.014937400071371567,negative
E12,S05,-0.2543748564386773,0.2543748564386773,91,0.014965833869025752,negative
E05,V11,-0.25360318954564726,0.25360318954564726,91,0.015284286135205442,negative
T13,E08,-0.2522978527545781,0.2522978527545781,91,0.015836331241268573,negative
T09,E08,-0.2516974295144814,0.2516974295144814,91,0.016095992608096077,negative
T07,E12,-0.25139186494764326,0.25139186494764326,91,0.0162295449756246,negative
E03,E10,-0.25074770854750544,0.25074770854750544,91,0.016514223936940235,negative
T05,S05,0.24997013232565124,0.24997013232565124,91,0.016863600783713944,positive
T08,E08,-0.24815131950689037,0.24815131950689037,91,0.017705815822136598,negative
E09,E14,-0.24788336412347503,0.24788336412347503,91,0.017832907049249582,negative
T08,E10,-0.24662793364895283,0.24662793364895283,91,0.018438874986431146,negative
T10,T14,0.24622969594381103,0.24622969594381103,91,0.018634759666984295,positive
T07,E10,-0.24616659111913053,0.24616659111913053,91,0.018665963282768625,negative
T05,S02,-0.24614116429724675,0.24614116429724675,91,0.018678548847564657,negative
T11,T12,0.24595099383238148,0.24595099383238148,91,0.018772909504829995,positive
S07,V04,0.2451706701644702,0.2451706701644702,91,0.019164401960286126,positive
E15,V02,0.24508823878542452,0.24508823878542452,91,0.019206164961244398,positive
T14,V06,-0.2448851982415821,0.2448851982415821,91,0.019309366984747812,negative
S04,S12,0.2447639339866845,0.2447639339866845,91,0.01937123045144163,positive
T07,E07,-0.24449303240851664,0.24449303240851664,91,0.01951004725397913,negative
T13,S09,-0.24386562352219524,0.24386562352219524,91,0.019834831325358102,negative
T01,E02,0.24381958947685617,0.24381958947685617,91,0.019858842936899414,positive
V06,V15,0.24373690652913468,0.24373690652913468,91,0.01990203346320283,positive
E07,E12,0.2437326517752644,0.2437326517752644,91,0.019904258168944495,positive
T13,E04,-0.2437259576297383,0.2437259576297383,91,0.019907758804357988,negative
E06,S03,-0.24334463026617412,0.24334463026617412,91,0.020108044249112507,negative
T11,S14,0.24330147358598553,0.24330147358598553,91,0.02013082004123964,positive
E07,V07,0.24251632973372741,0.24251632973372741,91,0.020549057020929712,positive
T05,T15,0.2424884416143689,0.2424884416143689,91,0.020564048662000328,positive
E09,V06,-0.24146953442549343,0.24146953442549343,91,0.021118241822823354,negative
S01,S14,0.2407852133462183,0.2407852133462183,91,0.021497588617482175,positive
E09,S02,0.23991668930180554,0.23991668930180554,91,0.021987431892004215,positive
S12,V06,-0.23904385650333865,0.23904385650333865,91,0.022489290061078294,negative
E08,E15,0.23858870842419444,0.23858870842419444,91,0.02275484994800691,positive
T09,S06,-0.23660577485686912,0.23660577485686912,91,0.023943283942018497,negative
T08,E15,-0.23651156735990952,0.23651156735990952,91,0.024001038042584202,negative
S03,S04,0.2355771145542164,0.2355771145542164,91,0.02458036562504881,positive
T12,E01,-0.23475275878669477,0.23475275878669477,91,0.025101282852709416,negative
E09,V04,-0.2336271065372887,0.2336271065372887,91,0.025827742148939094,negative
E07,V04,-0.23333067825026305,0.23333067825026305,91,0.02602199367687173,negative
E11,V07,0.23319312687284244,0.23319312687284244,91,0.02611255292843649,positive
T01,V10,-0.23313474680217275,0.23313474680217275,91,0.026151069292641337,negative
E11,S15,-0.23281434902785944,0.23281434902785944,91,0.026363312791822573,negative
V07,V14,0.23264520908779382,0.23264520908779382,91,0.026475946279376716,positive
S15,V07,-0.23223154664688572,0.23223154664688572,91,0.026753135034428364,negative
T04,V07,-0.23127932321682926,0.23127932321682926,91,0.02740058034177055,negative
V03,V04,0.23120454980142696,0.23120454980142696,91,0.027451978971836967,positive
T10,T13,0.2311380493234853,0.2311380493234853,91,0.027497759521856686,positive
E11,V02,0.22922599679567363,0.22922599679567363,91,0.028842027298853296,positive
T12,V14,-0.2290306788371626,0.2290306788371626,91,0.028982424247190816,negative
T11,S05,0.22876657818559093,0.22876657818559093,91,0.02917318228241516,positive
S07,V01,0.22845512640542973,0.22845512640542973,91,0.029399505442092723,positive
V01,V04,0.22843874832410638,0.22843874832410638,91,0.029411447906317983,positive
V09,V14,0.22827589228640177,0.22827589228640177,91,0.02953042158737229,positive
S08,V11,-0.22794196751928503,0.22794196751928503,91,0.029775641582727434,negative
E10,V10,-0.22741954164377592,0.22741954164377592,91,0.030162740324147046,negative
S09,S14,0.22712011587692513,0.22712011587692513,91,0.030386514366753638,positive
T14,S11,-0.22630327510969273,0.22630327510969273,91,0.031004115782361414,negative
T05,V01,0.22613339550899303,0.22613339550899303,91,0.031133880916217587,positive
T10,T11,0.22554337030665783,0.22554337030665783,91,0.03158814541590909,positive
T08,E02,0.22459901577106497,0.22459901577106497,91,0.03232683463221676,positive
E10,S11,0.2235436564518827,0.2235436564518827,91,0.033169514752198634,positive
E09,S06,-0.22249436536603812,0.22249436536603812,91,0.03402559418632121,negative
E13,V11,-0.2224925927286702,0.2224925927286702,91,0.03402705597901353,negative
T08,E13,0.22248371367691583,0.22248371367691583,91,0.03403437881956087,positive
E05,V03,-0.22194744115281387,0.22194744115281387,91,0.03447912194990676,negative
E06,V06,-0.22182487301790071,0.22182487301790071,91,0.03458145286970528,negative
E01,V11,-0.22154563035257668,0.22154563035257668,91,0.034815542451328646,negative
S09,S11,0.22128225655662165,0.22128225655662165,91,0.035037546635840494,positive
E13,V05,-0.22124648086679657,0.22124648086679657,91,0.03506779428067005,negative
V07,V15,0.22088702130507679,0.22088702130507679,91,0.03537292828678162,positive
T12,T15,0.22056071050858259,0.22056071050858259,91,0.03565184881892645,positive
E08,E11,0.21963206966858537,0.21963206966858537,91,0.03645573275823412,positive
T01,T05,0.2196244749275337,0.2196244749275337,91,0.03646236927309033,positive
E02,E10,-0.21955483802501155,0.21955483802501155,91,0.03652326730077583,negative
S08,V06,-0.21936280400483282,0.21936280400483282,91,0.036691644111749536,negative
E11,S07,0.2193228440619289,0.2193228440619289,91,0.03672676285675096,positive
S02,S05,-0.2191104317431303,0.2191104317431303,91,0.03691391394204461,negative
T07,V03,-0.21904109548556286,0.21904109548556286,91,0.0369751769238515,negative
S11,V07,0.21885841058474553,0.21885841058474553,91,0.037136998277407185,positive
E12,V09,-0.21884894412996136,0.21884894412996136,91,0.0371453997416998,negative
T05,E09,-0.21860241005011244,0.21860241005011244,91,0.03736475913986441,negative
V06,V09,0.21835134255714855,0.21835134255714855,91,0.03758926510808189,positive
T05,V12,-0.2179585206736383,0.2179585206736383,91,0.03794279172781037,negative
T12,E04,-0.21777376035347779,0.21777376035347779,91,0.03811002860527411,negative
S15,V12,0.21765952204249817,0.21765952204249817,91,0.038213740002534205,positive
E06,V05,-0.21752515049494847,0.21752515049494847,91,0.03833603118638788,negative
S08,V04,-0.21716361174618765,0.21716361174618765,91,0.038666691290663684,negative
S07,V14,0.21715837997550788,0.21715837997550788,91,0.038671493652263585,positive
T08,V15,-0.217083964848702,0.217083964848702,91,0.03873985495140815,negative
T02,T06,0.21703568018044825,0.21703568018044825,91,0.03878426552940647,positive
S03,V09,-0.21700480354903698,0.21700480354903698,91,0.038812687076137595,negative
E01,E02,-0.21693248127346842,0.21693248127346842,91,0.038879326903083926,negative
S06,S09,0.2168891119333099,0.2168891119333099,91,0.0389193344700264,positive
S05,V09,0.21572782202590718,0.21572782202590718,91,0.04000345947681271,positive
V04,V05,0.2154085734126404,0.2154085734126404,91,0.04030586965731096,positive
T06,E01,0.21521159969381257,0.21521159969381257,91,0.04049340306774855,positive
T09,E11,-0.21486036766386427,0.21486036766386427,91,0.04082960605052962,negative
T04,V04,-0.21482221949922428,0.21482221949922428,91,0.04086626146725265,negative
E01,E05,0.21469248292252724,0.21469248292252724,91,0.04099112661829277,positive
T01,S09,-0.21460432569381463,0.21460432569381463,91,0.041076154862266005,negative
E04,S02,-0.2145940524846964,0.2145940524846964,91,0.041086072990993205,negative
T08,S06,-0.21400439041542757,0.21400439041542757,91,0.041658705869999785,negative
E09,V01,-0.21387495055146039,0.21387495055146039,91,0.04178529256457506,negative
T10,E09,0.21385223129495143,0.21385223129495143,91,0.04180754401881349,positive
E10,V14,0.21381117767693406,0.21381117767693406,91,0.04184777732429677,positive
E05,V06,-0.2135620357837853,0.2135620357837853,91,0.042092632534905486,negative
T11,V14,-0.21341920019155192,0.21341920019155192,91,0.04223354716411024,negative
S02,V06,-0.2134101174348948,0.2134101174348948,91,0.042242521019664046,negative
T07,V01,0.2129930542347566,0.2129930542347566,91,0.04265629509349613,positive
V07,V13,0.21268884102031724,0.21268884102031724,91,0.042960229397872834,positive
T05,S09,-0.2123561821299559,0.2123561821299559,91,0.0432946407537473,negative
V08,V12,0.21217950260476412,0.21217950260476412,91,0.04347312833192131,positive
S11,V14,0.21187946087850415,0.21187946087850415,91,0.043777640325117266,positive
S08,V01,-0.2117921150245273,0.2117921150245273,91,0.04386661954501591,negative
E01,V15,-0.21161842333228026,0.21161842333228026,91,0.04404400533673236,negative
S06,V08,0.2112075833007071,0.2112075833007071,91,0.04446595330305577,positive
S12,V14,-0.21112854695004493,0.21112854695004493,91,0.0445475098862732,negative
E14,V13,-0.21074452602069374,0.21074452602069374,91,0.044945543805205164,negative
V09,V15,0.2105271543376154,0.2105271543376154,91,0.04517215107772766,positive
T06,E12,0.21047727137136005,0.21047727137136005,91,0.04522428680091921,positive
T09,E13,0.2102909436155442,0.2102909436155442,91,0.045419470456872106,positive
T01,T07,0.20977383435949412,0.20977383435949412,91,0.045964816252812436,positive
T02,S11,-0.20970215039080373,0.20970215039080373,91,0.04604084059157732,negative
S03,V03,0.20916599634807312,0.20916599634807312,91,0.046612765258317,positive
S07,V05,0.20901128422095877,0.20901128422095877,91,0.04677888782733992,positive
T01,S13,-0.20892853588635893,0.20892853588635893,91,0.04686793989824993,negative
V01,V11,0.2079933090404213,0.2079933090404213,91,0.04788419448630055,positive
V11,V14,0.2079441765685073,0.2079441765685073,91,0.04793808316881762,positive
T01,E08,0.20713713965016167,0.20713713965016167,91,0.04883043742532234,positive
T08,S14,-0.2070389508399386,0.2070389508399386,91,0.048939935753201554,negative
S07,S09,0.2068572704797877,0.2068572704797877,91,0.0491430765453836,positive
T14,E01,-0.20643581134526617,0.20643581134526617,91,0.0496169985735559,negative
S02,V13,-0.20619464124322173,0.20619464124322173,91,0.04988988016084548,negative
S10,V15,0.20572807808856902,0.20572807808856902,91,0.050421303209106615,positive
T03,T14,0.20516221033100618,0.20516221033100618,91,0.05107208405011092,positive
T11,S06,-0.20480704171574335,0.20480704171574335,91,0.05148406890125018,negative
V04,V09,0.20462565434147725,0.20462565434147725,91,0.051695525247364885,positive
V05,V08,0.2044129361743445,0.2044129361743445,91,0.05194441575473486,positive
S10,S12,0.2044070618143866,0.2044070618143866,91,0.051951302996086864,positive
S11,V10,-0.20425662456060692,0.20425662456060692,91,0.05212793526989632,negative
T15,V06,0.20368784735997744,0.20368784735997744,91,0.05280021911616106,positive
T15,S12,-0.2036590854024866,0.2036590854024866,91,0.05283440352823017,negative
S03,V14,-0.20360996191905992,0.20360996191905992,91,0.052892830241931824,negative
T08,V09,-0.20348541052757135,0.20348541052757135,91,0.05304120766324296,negative
E15,S11,0.20312182611150073,0.20312182611150073,91,0.05347630049848935,positive
E15,S07,0.2030271649242323,0.2030271649242323,91,0.05359005873611816,positive
T05,V06,0.20277255691195248,0.20277255691195248,91,0.0538970175812215,positive
E14,V02,0.20220154841817692,0.20220154841817692,91,0.054590680892826364,positive
S02,V09,-0.20211482213719478,0.20211482213719478,91,0.054696673805129256,negative
T15,S15,0.20203906900809493,0.20203906900809493,91,0.05478939382176673,positive
E01,V10,-0.20131657022863103,0.20131657022863103,91,0.05568020567770618,negative
E09,S07,-0.20025649041644722,0.20025649041644722,91,0.0570086784799638,negative
S14,S15,0.2000955832823898,0.2000955832823898,91,0.05721257173399198,positive
S03,V08,-0.1999792904164447,0.1999792904164447,91,0.05736030292936502,negative
T02,T04,0.19988531121243625,0.19988531121243625,91,0.05747991593426249,positive
T12,E05,-0.19970690487381693,0.19970690487381693,91,0.0577075452952563,negative
E10,V09,0.1993778652396075,0.1993778652396075,91,0.05812930021153055,positive
T14,V01,0.19912778541289414,0.19912778541289414,91,0.058451527465027575,positive
T02,V09,-0.19899162197190298,0.19899162197190298,91,0.05862758603747784,negative
T04,E14,0.1980517799751865,0.1980517799751865,91,0.05985463599885114,positive
E10,S08,-0.19765904465036316,0.19765904465036316,91,0.06037355279902642,negative
S02,S15,0.19765506155140947,0.19765506155140947,91,0.06037883434044383,positive
S02,S12,0.19762246117711688,0.19762246117711688,91,0.0604220761975861,positive
E11,V11,-0.19754964880736,0.19754964880736,91,0.06051874725281251,negative
T06,E09,-0.1973836688385521,0.1973836688385521,91,0.060739585516901354,negative
T13,V01,-0.19721058422465634,0.19721058422465634,91,0.060970575268787235,negative
E05,E07,0.1971597087697772,0.1971597087697772,91,0.06103860687970733,positive
T13,S04,-0.19641171669495605,0.19641171669495605,91,0.06204598980941394,negative
T03,T15,0.19591882247992864,0.19591882247992864,91,0.06271717270314973,positive
S12,V03,-0.19591163789262794,0.19591163789262794,91,0.06272699954851312,negative
E03,S06,-0.1958574449496739,0.1958574449496739,91,0.06280116322668004,negative
S03,S13,0.19573156405843015,0.19573156405843015,91,0.06297370775265046,positive
S03,V02,-0.1957227344247784,0.1957227344247784,91,0.06298582494632095,negative
T14,V13,0.1953050633853221,0.1953050633853221,91,0.06356117652622383,positive
T09,S08,0.19518391826717302,0.19518391826717302,91,0.06372885294148342,positive
E07,S11,0.19511874571943497,0.19511874571943497,91,0.06381920644765667,positive
S14,V13,0.19484316021252007,0.19484316021252007,91,0.06420242134147836,positive
T06,E06,0.1944306177409835,0.1944306177409835,91,0.064779569675323,positive
T14,E14,-0.19403323902064448,0.19403323902064448,91,0.06533947583057173,negative
E04,E10,0.19397695081210434,0.19397695081210434,91,0.06541910209248883,positive
E07,V08,0.1930670001611386,0.1930670001611386,91,0.06671728171152869,positive
E05,S04,-0.193017949076793,0.193017949076793,91,0.06678784845676784,negative
T13,V06,0.1927182069274026,0.1927182069274026,91,0.06722038243928102,positive
S12,V12,-0.19223018718252133,0.19223018718252133,91,0.06792945109118763,negative
T06,S02,-0.19222329752718814,0.19222329752718814,91,0.0679395045389594,negative
T08,E04,-0.19200031859181965,0.19200031859181965,91,0.06826552741280027,negative
T11,E09,-0.19198757519061946,0.19198757519061946,91,0.06828419797582827,negative
E10,E11,0.19198123191023467,0.19198123191023467,91,0.06829349315667267,positive
E14,V07,-0.1916856182453072,0.1916856182453072,91,0.06872780869671823,negative
T10,V05,-0.1915317293331146,0.1915317293331146,91,0.06895478376987882,negative
S12,V04,-0.19153062813194655,0.19153062813194655,91,0.06895641014119619,negative
T10,V14,-0.1912584641288614,0.1912584641288614,91,0.069359321983171,negative
S08,S13,-0.1907705051757605,0.1907705051757605,91,0.07008645378221222,negative
T08,S01,-0.19072214315694241,0.19072214315694241,91,0.0701588541144528,negative
T01,E03,0.1903009741949631,0.1903009741949631,91,0.07079191841541307,positive
T03,S12,0.19023420855914236,0.19023420855914236,91,0.07089269620913519,positive
E05,V10,-0.19020823626544145,0.19020823626544145,91,0.07093193069545974,negative
S03,S14,0.1893506441799998,0.1893506441799998,91,0.07223729379359907,positive
T14,E12,-0.1892878907713959,0.1892878907713959,91,0.0723335666384012,negative
T15,V07,-0.1892140546349872,0.1892140546349872,91,0.07244697420702767,negative
E06,S15,-0.18911384815399931,0.18911384815399931,91,0.07260111376589032,negative
T04,E10,0.18855067360370148,0.18855067360370148,91,0.07347231553861516,positive
S09,V14,0.1883172489071817,0.1883172489071817,91,0.07383586635771815,positive
V11,V13,0.18802050354414593,0.18802050354414593,91,0.07430012256098874,positive
E02,S14,-0.18791042967072563,0.18791042967072563,91,0.07447292750257267,negative
S04,V06,-0.1877342297088465,0.1877342297088465,91,0.0747502155470726,negative
T13,S13,0.18759060135999264,0.18759060135999264,91,0.07497685800717452,positive
T15,E09,-0.18746839025814296,0.18746839025814296,91,0.07517013860289948,negative
E05,V07,0.1871806417819072,0.1871806417819072,91,0.07562680105960773,positive
E12,V04,-0.1871637311798199,0.1871637311798199,91,0.07565370760521871,negative
T08,E07,-0.1871525518670319,0.1871525518670319,91,0.07567149928319891,negative
E01,S14,-0.18604141781495936,0.18604141781495936,91,0.07745666312003106,negative
E02,S03,-0.1860061330595838,0.1860061330595838,91,0.07751389984489776,negative
V12,V14,0.18580884674861464,0.18580884674861464,91,0.07783454972817304,positive
S01,V10,-0.18551720856773532,0.18551720856773532,91,0.07831049394338367,negative
E02,E09,-0.18539815788223357,0.18539815788223357,91,0.07850544894273973,negative
T08,V07,-0.18509860646451756,0.18509860646451756,91,0.07899770611701923,negative
S13,V03,0.18503414907435517,0.18503414907435517,91,0.07910395187518408,positive
T12,T14,0.1848347275755508,0.1848347275755508,91,0.07943338397388866,positive
E02,V11,-0.1840791072488524,0.1840791072488524,91,0.08069158301708844,negative
S04,V05,0.18363648685741682,0.18363648685741682,91,0.08143595670221479,positive
T08,V02,-0.18361162403738893,0.18361162403738893,91,0.08147793151595954,negative
T09,S12,0.1834223386823737,0.1834223386823737,91,0.08179805982339161,positive
E04,E11,-0.18297496350893033,0.18297496350893033,91,0.08255866899424144,negative
E11,E14,0.18293882746331253,0.18293882746331253,91,0.08262035121092806,positive
E13,S03,-0.1823601564825143,0.1823601564825143,91,0.0836131214092362,negative
S06,V01,0.1821092879283713,0.1821092879283713,91,0.08404645263235996,positive
T10,V07,-0.18199196471613835,0.18199196471613835,91,0.08424972014435764,negative
T03,V09,0.18194961135783513,0.18194961135783513,91,0.08432319516268691,positive
E11,V05,0.18139018031892956,0.18139018031892956,91,0.08529849268760456,positive
E14,S08,-0.1811943960840869,0.1811943960840869,91,0.08564192794151745,negative
T08,V11,0.18115422712889853,0.18115422712889853,91,0.08571252601935017,positive
T02,S15,0.18091635025207303,0.18091635025207303,91,0.08613154944430194,positive
E01,S07,0.18063239164657438,0.18063239164657438,91,0.08663387463441719,positive
E14,V14,-0.18052126009805017,0.18052126009805017,91,0.08683109926199878,negative
T01,S14,-0.18040947673487007,0.18040947673487007,91,0.08702983994681268,negative
V08,V13,0.17963198985533643,0.17963198985533643,91,0.08842214437736935,positive
T11,S10,0.17933819462657494,0.17933819462657494,91,0.08895283780295755,positive
T05,T07,0.1791952406208687,0.1791952406208687,91,0.08921197176401308,positive
T01,E06,0.1790306589431001,0.1790306589431001,91,0.08951105021459062,positive
V02,V11,0.17892460445860803,0.17892460445860803,91,0.08970419294607301,positive
V05,V12,0.1788018546078929,0.1788018546078929,91,0.08992815233868949,positive
T03,V02,0.17879003902405177,0.17879003902405177,91,0.08994973341435845,positive
S08,V13,-0.1786303143136898,0.1786303143136898,91,0.09024187171047517,negative
T09,T12,-0.17846590049865552,0.17846590049865552,91,0.09054336982032522,negative
E09,V11,-0.17826833272880274,0.17826833272880274,91,0.09090671796213573,negative
S06,V10,0.17817444712290506,0.17817444712290506,91,0.09107978713006404,positive
E10,V01,0.1777560937260769,0.1777560937260769,91,0.09185414970757198,positive
T06,E05,-0.1776451239210373,0.1776451239210373,91,0.09206042242535738,negative
T05,T08,0.17759257132190143,0.17759257132190143,91,0.09215823571385852,positive
T02,V05,-0.1774678522051617,0.1774678522051617,91,0.09239069707711607,negative
T06,V08,-0.17746245566329066,0.17746245566329066,91,0.09240076601737954,negative
T10,S09,-0.17723147377667253,0.17723147377667253,91,0.09283254774674568,negative
T11,V01,-0.17721110664959824,0.17721110664959824,91,0.09287069691714787,negative
T14,V15,-0.1762116995553524,0.1762116995553524,91,0.09475790645196534,negative
T09,V06,-0.1761149811087375,0.1761149811087375,91,0.09494213427951108,negative
T01,S06,-0.1760079019211781,0.1760079019211781,91,0.09514642599063548,negative
S12,V13,-0.17568084262116265,0.17568084262116265,91,0.09577255187547859,negative
T13,V10,0.17539814342612944,0.17539814342612944,91,0.09631636287273111,positive
T06,V05,0.1753639067046196,0.1753639067046196,91,0.0963823864883889,positive
E11,V14,0.17484734680746186,0.17484734680746186,91,0.09738286974755721,positive
T03,E11,0.17474390333135864,0.17474390333135864,91,0.09758419833126594,positive
S01,S02,0.17434437171991177,0.17434437171991177,91,0.09836486537693302,positive
T07,T09,0.1736046676799678,0.1736046676799678,91,0.09982314775658632,positive
S10,V03,-0.17312884808727358,0.17312884808727358,91,0.10077011987806188,negative
V02,V04,0.17295323210748148,0.17295323210748148,91,0.10112140187616886,positive
T15,E03,0.17252584482656072,0.17252584482656072,91,0.10198030478788582,positive
S15,V03,0.17251102180259134,0.17251102180259134,91,0.10201019612079328,positive
E07,S07,-0.17222549761499537,0.17222549761499537,91,0.10258730802896363,negative
V05,V14,0.1721338898856551,0.1721338898856551,91,0.10277300892615227,positive
T14,V02,0.17139341033869462,0.17139341033869462,91,0.10428372223538893,positive
T05,E05,-0.17092100866632004,0.17092100866632004,91,0.10525653068382793,negative
T08,T11,0.17080076336409392,0.17080076336409392,91,0.10550527652099069,positive
T12,V10,0.1703582465410945,0.1703582465410945,91,0.10642464044843047,positive
E03,E11,-0.170171416165603,0.170171416165603,91,0.1068146646905625,negative
S02,V07,-0.1701455686238492,0.1701455686238492,91,0.10686871118978267,negative
E05,S02,-0.17008753277667132,0.17008753277667132,91,0.10699014016048952,negative
T04,V06,-0.1700352457333901,0.1700352457333901,91,0.10709963285120039,negative
E14,V08,-0.1696230864072123,0.1696230864072123,91,0.1079657807876049,negative
E06,E08,0.16942497624137415,0.16942497624137415,91,0.10838404199697131,positive
E11,S04,-0.16931931398893768,0.16931931398893768,91,0.10860763684869518,negative
E05,S05,0.16929651326695808,0.16929651326695808,91,0.1086559331210759,positive
E02,S15,-0.1691324351230611,0.1691324351230611,91,0.10900397460395538,negative
S13,S14,0.1690813945367424,0.1690813945367424,91,0.10911241811963841,positive
T08,E01,-0.16873404704902434,0.16873404704902434,91,0.10985263976134033,negative
E07,S06,0.1687011865686315,0.1687011865686315,91,0.10992286922528288,positive
E01,E06,0.16852635035449273,0.16852635035449273,91,0.11029711602335807,positive
E04,E07,0.1683080395561356,0.1683080395561356,91,0.1107658108366447,positive
T03,E13,-0.16827953135863064,0.16827953135863064,91,0.11082712947369441,negative
S02,V11,-0.16814487073363615,0.16814487073363615,91,0.11111712891457534,negative
E14,S14,-0.1680154204023093,0.1680154204023093,91,0.11139646245074579,negative
E06,E13,0.16788853109660354,0.16788853109660354,91,0.11167079808513046,positive
E15,V05,0.16781707167696713,0.16781707167696713,91,0.11182552436015276,positive
T04,S13,0.16753682751832355,0.16753682751832355,91,0.1124339230811533,positive
T07,T14,0.16709746025479108,0.16709746025479108,91,0.11339293166976222,positive
T01,E10,-0.1669354938889465,0.1669354938889465,91,0.11374804984773453,negative
T06,E13,-0.16669454269533357,0.16669454269533357,91,0.11427793795294794,negative
V04,V08,0.16524551251291011,0.16524551251291011,91,0.1175049517553956,positive
E09,S01,0.16510089587679627,0.16510089587679627,91,0.11783083517054149,positive
E04,V09,0.1650982294470706,0.1650982294470706,91,0.117836850320559,positive
E09,S08,0.16503659692410622,0.16503659692410622,91,0.11797595201631521,positive
S02,V02,-0.16491967281800074,0.16491967281800074,91,0.1182401921660133,negative
E12,E14,0.16481884152909088,0.16481884152909088,91,0.11846842992334418,positive
T06,T15,0.16476842822592047,0.16476842822592047,91,0.1185826707753264,positive
S06,V14,0.1645663395412906,0.1645663395412906,91,0.11904147359705236,positive
S02,S03,0.16427385215769075,0.16427385215769075,91,0.11970792963329771,positive
T12,E13,-0.16397464081853497,0.16397464081853497,91,0.12039267582806085,negative
E10,S03,-0.1639285502499125,0.1639285502499125,91,0.12049842162782855,negative
T06,S11,-0.16377068497507252,0.16377068497507252,91,0.12086115430192525,negative
T09,V12,-0.16339786001550444,0.16339786001550444,91,0.12172114128178857,negative
E10,E14,0.16301585929420798,0.16301585929420798,91,0.12260716435218405,positive
E05,S03,-0.16263445683989505,0.16263445683989505,91,0.12349673314188055,negative
E14,S11,0.16250607380180226,0.16250607380180226,91,0.12379728051552663,positive
V07,V12,0.16178584978436839,0.16178584978436839,91,0.12549375483543648,positive
T05,S10,0.16139206501682377,0.16139206501682377,91,0.12642880756098696,positive
S14,V12,0.16096105904916896,0.16096105904916896,91,0.12745834562219407,positive
E09,E13,0.16077352247763388,0.16077352247763388,91,0.1279083082820143,positive
T11,S07,-0.1607382546264293,0.1607382546264293,91,0.12799306307899586,negative
V06,V08,0.16063818771257654,0.16063818771257654,91,0.12823377501680996,positive
T08,S09,-0.1602908746464052,0.1602908746464052,91,0.12907192463302572,negative
S10,V08,0.16026460529440886,0.16026460529440886,91,0.12913548864018948,positive
T07,V13,0.15982826335766742,0.15982826335766742,91,0.13019480539097977,positive
S13,V07,-0.1597466996910791,0.1597466996910791,91,0.13039355257229077,negative
T07,E09,-0.15951684990856,0.15951684990856,91,0.13095487528764663,negative
E04,V01,0.15934578011678685,0.15934578011678685,91,0.13137384406786,positive
E08,E12,0.15923970181141595,0.15923970181141595,91,0.13163415416142474,positive
V06,V13,0.15876214756803292,0.15876214756803292,91,0.1328109141588901,positive
E03,S12,-0.15844659603837694,0.15844659603837694,91,0.13359285906481017,negative
T13,V08,0.1580775174491106,0.1580775174491106,91,0.134511882752828,positive
S01,S08,0.15802804470384144,0.15802804470384144,91,0.1346354366002194,positive
S04,S11,-0.15790794289326937,0.15790794289326937,91,0.13493573913640766,negative
T05,V03,-0.15773251305333869,0.15773251305333869,91,0.13537529798353412,negative
E01,V07,0.1574673324911255,0.1574673324911255,91,0.1360418001594203,positive
T05,S08,-0.15732444510155372,0.15732444510155372,91,0.13640196287382514,negative
E08,V11,-0.15693138529258047,0.15693138529258047,91,0.13739644365115733,negative
E04,S06,0.15682073517859582,0.15682073517859582,91,0.13767738854479614,positive
T03,E01,-0.15677903665921497,0.15677903665921497,91,0.1377833755639201,negative
V08,V14,0.15675606791506475,0.15675606791506475,91,0.13784178266588584,positive
T05,E06,-0.15612879592305742,0.15612879592305742,91,0.139444131838233,negative
E06,S02,-0.15607926241621864,0.15607926241621864,91,0.13957126175587906,negative
E08,S14,0.1553193523739103,0.1553193523739103,91,0.14153261274357923,positive
T06,S01,-0.15525563341029985,0.15525563341029985,91,0.14169801453532338,negative
T11,S08,0.15521882842158832,0.15521882842158832,91,0.14179361947449923,positive
S05,V03,-0.1552066784126857,0.1552066784126857,91,0.1418251911287961,negative
S02,S08,0.1550010354553054,0.1550010354553054,91,0.14236035748752646,positive
T03,S05,0.15453484648566473,0.15453484648566473,91,0.1435792126342371,positive
S05,V08,-0.15427752115286048,0.15427752115286048,91,0.14425535333912762,negative
S08,V09,-0.15394020559144322,0.15394020559144322,91,0.1451453044346355,negative
E13,V10,-0.15385411854660144,0.15385411854660144,91,0.14537309154882583,negative
T04,S06,-0.15381796920182833,0.15381796920182833,91,0.14546882323476332,negative
T14,T15,0.15366356834730743,0.15366356834730743,91,0.14587824604930907,positive
E02,S13,-0.15360813672334134,0.15360813672334134,91,0.14602544471837742,negative
E05,E09,0.15350919112277642,0.15350919112277642,91,0.1462884724660426,positive
E11,S06,0.15348062841961602,0.15348062841961602,91,0.14636446713381943,positive
T13,S15,-0.1533899925564974,0.1533899925564974,91,0.14660581186465474,negative
V05,V13,0.15336116045468667,0.15336116045468667,91,0.14668264854834176,positive
T14,E02,0.15331894403161994,0.15331894403161994,91,0.14679520866754553,positive
S10,S13,0.1530153445562994,0.1530153445562994,91,0.1476065985343112,positive
V01,V10,-0.15265415372059768,0.15265415372059768,91,0.1485762886337523,negative
T01,T08,0.15260588425552515,0.15260588425552515,91,0.1487062392019527,positive
E03,S14,-0.15256599706023627,0.15256599706023627,91,0.14881368746879825,negative
T01,V05,-0.15255823620836878,0.15255823620836878,91,0.1488346004487317,negative
T06,E08,0.15248911845556637,0.15248911845556637,91,0.14902094769178348,positive
E08,E09,-0.1520038867167266,0.1520038867167266,91,0.15033410500811614,negative
S12,V09,-0.1518900127370459,0.1518900127370459,91,0.15064352895222172,negative
S04,S09,0.1517552035997015,0.1517552035997015,91,0.15101045553206968,positive
E01,V05,0.15136405303740477,0.15136405303740477,91,0.1520788872469521,positive
E09,S03,0.15127934539096954,0.15127934539096954,91,0.1523110104600671,positive
T08,V05,-0.15124230040561815,0.15124230040561815,91,0.15241260760821124,negative
E02,S06,-0.1510161338274703,0.1510161338274703,91,0.15303397721810233,negative
T12,E08,-0.15091213916724494,0.15091213916724494,91,0.1533203268863536,negative
E15,V01,0.15085013770410233,0.15085013770410233,91,0.15349123862468522,positive
T09,S04,-0.15065350911087774,0.15065350911087774,91,0.15403420222853315,negative
T08,E06,0.15061222054869525,0.15061222054869525,91,0.1541483971527543,positive
E07,V03,-0.15052966953079805,0.15052966953079805,91,0.1543769044113348,negative
T13,E09,0.15045837223791483,0.15045837223791483,91,0.15457446407018957,positive
E09,V09,-0.15037576081343526,0.15037576081343526,91,0.1548036104179955,negative
T14,E11,-0.14996853455572237,0.14996853455572237,91,0.15593687627627834,negative
E03,V08,-0.14987634805723526,0.14987634805723526,91,0.15619427795930593,negative
T08,S03,-0.149690584284103,0.149690584284103,91,0.1567139269372624,negative
T12,E12,-0.14966051410826908,0.14966051410826908,91,0.1567981652175616,negative
T07,V12,-0.14960811805335317,0.14960811805335317,91,0.1569450276139518,negative
E12,V06,-0.14949024316345466,0.14949024316345466,91,0.1572757971842407,negative
T01,V15,-0.1494035890530535,0.1494035890530535,91,0.15751928894022238,negative
E07,S09,0.14933766669748857,0.14933766669748857,91,0.15770471394631383,positive
S07,S11,0.1491617643218806,0.1491617643218806,91,0.15820028394608254,positive
E13,S02,0.14916070967393352,0.14916070967393352,91,0.15820325869917587,positive
T15,E05,-0.14898429754116732,0.14898429754116732,91,0.158701435178602,negative
S04,V02,-0.14860231069880844,0.14860231069880844,91,0.1597841400745093,negative
T03,S08,0.14852912483182068,0.14852912483182068,91,0.15999220367570022,positive
T09,E06,0.14852762571386008,0.14852762571386008,91,0.1599964676934894,positive
V07,V11,-0.14834552095344378,0.14834552095344378,91,0.16051506611048022,negative
T03,S03,-0.14827956991128696,0.14827956991128696,91,0.16070318936193692,negative
S02,S11,-0.1482508126946031,0.1482508126946031,91,0.16078526966357656,negative
S14,V09,0.1481713074659822,0.1481713074659822,91,0.1610123595496154,positive
T03,V14,-0.14815183615743166,0.14815183615743166,91,0.16106801151912598,negative
T04,E04,-0.14805051051827828,0.14805051051827828,91,0.16135784623067007,negative
S04,V15,0.14781521233020756,0.14781521233020756,91,0.16203239302466418,positive
E15,V14,0.14747738669566415,0.14747738669566415,91,0.1630045179635019,positive
T10,E01,-0.14744860998525053,0.14744860998525053,91,0.16308752504475818,negative
E03,V07,-0.14744044263288553,0.14744044263288553,91,0.1631110896674167,negative
T02,T09,-0.14736661862032666,0.14736661862032666,91,0.16332420283262292,negative
E07,E09,0.1470711223499316,0.1470711223499316,91,0.16417929978928553,positive
T13,V07,0.14683192436680048,0.14683192436680048,91,0.16487390724188644,positive
E02,S07,-0.14678519235813184,0.14678519235813184,91,0.16500986600265452,negative
T08,V03,-0.1467442382042209,0.1467442382042209,91,0.16512908328574977,negative
T07,V09,-0.14672672758516353,0.14672672758516353,91,0.1651800760334328,negative
E02,V08,-0.14652436273799826,0.14652436273799826,91,0.16577022918324463,negative
T02,S06,-0.1465119342663187,0.1465119342663187,91,0.1658065248808934,negative
E14,V12,-0.1464675428162748,0.1464675428162748,91,0.1659362121863053,negative
T12,E09,-0.14637118451821454,0.14637118451821454,91,0.16621797600664412,negative
E10,E12,0.1462520017064997,0.1462520017064997,91,0.16656697066695203,positive
T06,V15,0.14602392064956846,0.14602392064956846,91,0.1672363536736608,positive
E01,S10,-0.1458496780469234,0.1458496780469234,91,0.16774906622439073,negative
T02,S04,-0.14542348341800457,0.14542348341800457,91,0.16900804206338121,negative
T06,S09,-0.14534795789657984,0.14534795789657984,91,0.16923186880115731,negative
S07,V12,0.14528610816932108,0.14528610816932108,91,0.1694153287999547,positive
E08,E14,0.14501162868928785,0.14501162868928785,91,0.1702312650901351,positive
S09,V09,0.14479627196062228,0.14479627196062228,91,0.17087347302317518,positive
V04,V11,0.14457596202556736,0.14457596202556736,91,0.17153229574068807,positive
S09,V08,-0.14451626784439053,0.14451626784439053,91,0.17171112877793568,negative
V04,V14,0.14437686952428733,0.14437686952428733,91,0.17212927520054117,positive
T08,V12,-0.14425715134810996,0.14425715134810996,91,0.1724889854004346,negative
T06,V02,0.14377650797332112,0.14377650797332112,91,0.17393871075657608,positive
T09,S05,-0.1437133862666001,0.1437133862666001,91,0.17412976228066215,negative
T02,V04,-0.14349318651316192,0.14349318651316192,91,0.17479745075003372,negative
T02,S05,-0.1433936422624445,0.1433936422624445,91,0.175099904082407,negative
E06,V10,-0.14338620349135206,0.14338620349135206,91,0.17512252130754488,negative
T15,S14,0.14326221931242958,0.14326221931242958,91,0.17549980480872934,positive
E02,V03,-0.14276668957052885,0.14276668957052885,91,0.1770136526893722,negative
T03,V01,-0.14274676924281302,0.14274676924281302,91,0.17707470879117843,negative
T14,E06,0.1427120715484783,0.1427120715484783,91,0.17718109456634087,positive
T04,T06,0.14249930313493925,0.14249930313493925,91,0.17783448232776927,positive
E14,S07,0.1422881615051133,0.1422881615051133,91,0.17848461585162734,positive
E13,V12,-0.1421078831665904,0.1421078831665904,91,0.17904109153903092,negative
S02,V10,0.1420003584259364,0.1420003584259364,91,0.17937359771327274,positive
E02,S05,0.141896224901708,0.141896224901708,91,0.1796960469611215,positive
E03,S04,-0.1418462032237268,0.1418462032237268,91,0.17985108948201511,negative
E09,E10,0.14158840957082694,0.14158840957082694,91,0.18065167243911331,positive
E02,S08,0.1413791867880864,0.1413791867880864,91,0.18130332775174832,positive
S01,S13,-0.14113383386276432,0.14113383386276432,91,0.18206969870582793,negative
T07,T11,0.14107639255581014,0.14107639255581014,91,0.18224945995089245,positive
T02,E14,0.14097351389400797,0.14097351389400797,91,0.18257173968208426,positive
T13,S05,0.14086010387035616,0.14086010387035616,91,0.18292749125422458,positive
T03,S14,-0.14085679356354272,0.14085679356354272,91,0.18293788281009182,negative
S01,S15,0.14061659902854395,0.14061659902854395,91,0.18369303818988308,positive
E02,V04,0.1405143648126778,0.1405143648126778,91,0.1840151433361982,positive
E05,E10,0.14030315617590783,0.14030315617590783,91,0.18468189137960284,positive
S08,V02,-0.13987829754943237,0.13987829754943237,91,0.18602841442473197,negative
T06,T12,0.13932604851940936,0.13932604851940936,91,0.1877893254435404,positive
E12,V03,0.1391814775238607,0.1391814775238607,91,0.18825229789715411,positive
T05,S04,-0.13906024149984364,0.13906024149984364,91,0.18864118040251784,negative
T05,E08,-0.13882428841631328,0.13882428841631328,91,0.18939970399356965,negative
E01,V13,-0.1385797923877687,0.1385797923877687,91,0.19018801943709912,negative
T10,V08,-0.13836675905725035,0.13836675905725035,91,0.19087682574433956,negative
T06,E10,0.13836197503535744,0.13836197503535744,91,0.19089231474446178,positive
T11,V10,0.1382239443754066,0.1382239443754066,91,0.19133960177391218,positive
T10,S07,-0.13809734486009778,0.13809734486009778,91,0.1917505123162996,negative
S06,V13,0.13799118984841122,0.13799118984841122,91,0.19209555657304522,positive
V03,V14,0.13794312016521224,0.13794312016521224,91,0.19225194890268543,positive
T11,E07,-0.13785797638959515,0.13785797638959515,91,0.1925291857564771,negative
T03,V12,-0.1378478154393794,0.1378478154393794,91,0.19256229013413084,negative
S08,V12,-0.13763798847454564,0.13763798847454564,91,0.1932468260144998,negative
S13,V05,-0.13761709063639896,0.13761709063639896,91,0.1933150988554582,negative
T09,S03,-0.1374548004819134,0.1374548004819134,91,0.19384589057226437,negative
T04,V09,-0.1370566263687683,0.1370566263687683,91,0.19515262665062588,negative
E05,S01,-0.13645613894471048,0.13645613894471048,91,0.19713530950041838,negative
E11,S05,0.1364449279096454,0.1364449279096454,91,0.19717246330611918,positive
E04,V13,0.13643459714773512,0.13643459714773512,91,0.19720670431315196,positive
E04,S12,-0.13637232519697381,0.13637232519697381,91,0.19741319350028624,negative
S15,V10,0.13634173260871515,0.13634173260871515,91,0.1975146932239148,positive
T07,E05,-0.1361091199804961,0.1361091199804961,91,0.198287680779955,negative
E03,E13,0.1360276843041296,0.1360276843041296,91,0.1985588103482233,positive
E03,V10,-0.1360197199208453,0.1360197199208453,91,0.19858534103092576,negative
T04,V10,-0.13583904805572916,0.13583904805572916,91,0.199187873615208,negative
T09,V09,-0.13580969749502064,0.13580969749502064,91,0.1992858802871324,negative
S04,V12,-0.13571647612976728,0.13571647612976728,91,0.1995973924856967,negative
T10,E04,-0.13538406403058179,0.13538406403058179,91,0.20071104007709817,negative
T04,S11,-0.13530262202096513,0.13530262202096513,91,0.2009845657642787,negative
T05,V07,-0.1349568896071569,0.1349568896071569,91,0.2021486959318325,negative
T01,S02,-0.13484398957574126,0.13484398957574126,91,0.20252989071971259,negative
T13,E12,-0.13433769012735455,0.13433769012735455,91,0.2042456878704606,negative
E14,S03,-0.13411550118188215,0.13411550118188215,91,0.20500193645454015,negative
E05,E15,0.13404012170071425,0.13404012170071425,91,0.20525895425544496,positive
S07,V06,0.13403885018518646,0.13403885018518646,91,0.20526329165471785,positive
T09,E10,-0.13388849783563792,0.13388849783563792,91,0.20577663605923907,negative
T12,S09,-0.13363919539614294,0.13363919539614294,91,0.20662984287548497,negative
T14,V08,-0.1334010394896774,0.1334010394896774,91,0.20744725716423346,negative
T04,S07,-0.1333967937436897,0.1333967937436897,91,0.2074618505840163,negative
T04,E12,0.13322103153065654,0.13322103153065654,91,0.2080666206824217,positive
E04,E09,-0.13311458182462124,0.13311458182462124,91,0.20843350778556158,negative
V13,V15,0.1329799098631997,0.1329799098631997,91,0.2088983252546444,positive
S05,S15,-0.13297753707795604,0.13297753707795604,91,0.20890652148677558,negative
E01,E15,0.13262335403800085,0.13262335403800085,91,0.21013253404361015,positive
T12,S14,0.13226339591751216,0.13226339591751216,91,0.21138377348603507,positive
V01,V12,-0.1321656432126753,0.1321656432126753,91,0.21172448104950514,negative
T03,E06,-0.13213760933932728,0.13213760933932728,91,0.2118222623453588,negative
E02,E11,-0.13189106672317025,0.13189106672317025,91,0.21268357740909036,negative
T03,V10,-0.13156993461346175,0.13156993461346175,91,0.2138092007525486,negative
S13,V01,-0.13138904162084525,0.13138904162084525,91,0.2144451188836474,negative
T10,E15,-0.1313306713738915,0.1313306713738915,91,0.2146506016687615,negative
T13,E15,-0.13127133282148654,0.13127133282148654,91,0.21485963619734133,negative
T01,E12,0.13112129696568348,0.13112129696568348,91,0.215388817395759,positive
T01,T09,0.13069761148071588,0.13069761148071588,91,0.21688815111735596,positive
S10,V13,-0.1305733119519772,0.1305733119519772,91,0.21732941811305587,negative
E08,S02,-0.13047876197365627,0.13047876197365627,91,0.21766549809027325,negative
T02,V13,-0.1303310652858068,0.1303310652858068,91,0.2181912240017423,negative
S13,S15,0.13021816537470152,0.13021816537470152,91,0.21859369536998757,positive
T04,S04,-0.12997714043647274,0.12997714043647274,91,0.2194546670617919,negative
V04,V07,0.1299197859863166,0.1299197859863166,91,0.21965989642922154,positive
T04,E03,0.12984437485954295,0.12984437485954295,91,0.21992994337070584,positive
T13,E14,-0.1297342073612693,0.1297342073612693,91,0.22032487355051908,negative
T08,V14,-0.12961510251153732,0.12961510251153732,91,0.22075240475546629,negative
E06,E11,-0.12960743176264328,0.12960743176264328,91,0.2207799592173823,negative
S05,V10,-0.12952276296059542,0.12952276296059542,91,0.22108426311245982,negative
T01,V03,-0.1294900998773436,0.1294900998773436,91,0.2212017348250493,negative
T15,S01,-0.1294684105541292,0.1294684105541292,91,0.22127976406120575,negative
T13,E11,0.12944840807700944,0.12944840807700944,91,0.22135174190782073,positive
E15,S05,0.12910690602384986,0.12910690602384986,91,0.22258316423358837,positive
E07,E14,0.12889942054724338,0.12889942054724338,91,0.22333368624261515,positive
E10,V07,0.12851743133338156,0.12851743133338156,91,0.2247200784166643,positive
E05,S11,0.12850270053569054,0.12850270053569054,91,0.22477366317410347,positive
S11,V05,0.1283924261373141,0.1283924261373141,91,0.225175082441506,positive
E04,V11,0.1281684705524117,0.1281684705524117,91,0.2259918707935406,positive
S10,V04,0.12807656159527436,0.12807656159527436,91,0.22632767276609606,positive
T04,E11,-0.12806879271595564,0.12806879271595564,91,0.22635607346439204,negative
E01,E13,0.12802510483680232,0.12802510483680232,91,0.22651582982946517,positive
S03,S09,0.12786159228252358,0.12786159228252358,91,0.22711445875164155,positive
T02,S09,-0.12775888367081656,0.12775888367081656,91,0.22749104744459236,negative
T11,V05,-0.12764745734625746,0.12764745734625746,91,0.22790009483450357,negative
E04,S11,0.12749400721234105,0.12749400721234105,91,0.2284642549396607,positive
S01,S05,0.12737323816787743,0.12737323816787743,91,0.22890894985537277,positive
E14,S13,-0.127264038235817,0.127264038235817,91,0.22931156621382695,negative
T09,E09,-0.12713197434772713,0.12713197434772713,91,0.22979914265262769,negative
T07,S07,0.1266733318107946,0.1266733318107946,91,0.23149806748777257,positive
T14,S07,-0.12655933876289588,0.12655933876289588,91,0.23192168291676082,negative
T05,E12,-0.12644653112890464,0.12644653112890464,91,0.23234142545861158,negative
T15,S02,-0.12639036570750517,0.12639036570750517,91,0.23255060719466217,negative
E13,S08,0.12636642760478248,0.12636642760478248,91,0.2326398018538565,positive
T08,S02,-0.12628573512677665,0.12628573512677665,91,0.23294064213636254,negative
T13,E03,0.12618223690740954,0.12618223690740954,91,0.23332690446352053,positive
S12,V01,-0.1260135727503605,0.1260135727503605,91,0.23395732663437013,negative
E13,V03,-0.12588209057457347,0.12588209057457347,91,0.234449594712233,negative
T01,E07,-0.12576662690572524,0.12576662690572524,91,0.23488248405072118,negative
T11,E12,-0.12564613119351242,0.12564613119351242,91,0.2353348321445266,negative
T07,E02,0.12546444373194993,0.12546444373194993,91,0.2360180431290411,positive
E11,S01,0.12540427334386167,0.12540427334386167,91,0.2362446093996785,positive
E02,S12,-0.12537881670731488,0.12537881670731488,91,0.23634050961446393,negative
V03,V06,0.12531013922982978,0.12531013922982978,91,0.23659936631150394,positive
S04,S14,0.1252484139352726,0.1252484139352726,91,0.23683218716509305,positive
T07,E14,-0.1251961416998766,0.1251961416998766,91,0.2370294765959531,negative
T13,S08,0.1251941411832225,0.1251941411832225,91,0.23703702934994655,positive
T03,E02,0.12516227699340302,0.12516227699340302,91,0.23715735200717533,positive
T11,S13,0.12503584172691748,0.12503584172691748,91,0.23763520351323364,positive
T11,V07,-0.1245026627802386,0.1245026627802386,91,0.23965766098897104,negative
T05,S14,-0.12391082740636984,0.12391082740636984,91,0.24191654960369033,negative
E06,E07,0.12389740030925826,0.12389740030925826,91,0.2419679677629915,positive
S07,S13,-0.12386638423339781,0.12386638423339781,91,0.2420867706213411,negative
S13,V02,-0.12386398937445266,0.12386398937445266,91,0.24209594548004273,negative
T12,S06,-0.12371014997764401,0.12371014997764401,91,0.24268581804297734,negative
E09,V03,-0.12367040871254631,0.12367040871254631,91,0.24283836089576102,negative
T03,S06,-0.1235219386565871,0.1235219386565871,91,0.24340883444991893,negative
T12,E15,-0.1235204631835213,0.1235204631835213,91,0.24341450837184062,negative
T15,S03,-0.12350059738723498,0.12350059738723498,91,0.24349091105612958,negative
E07,V05,-0.12323414974282536,0.12323414974282536,91,0.24451725416239828,negative
E07,S05,-0.12323016699608168,0.12323016699608168,91,0.24453261811622226,negative
S05,V06,0.12315198346673889,0.12315198346673889,91,0.24483435595984157,positive
T04,V02,-0.12299531263016916,0.12299531263016916,91,0.24543977686014692,negative
S09,V12,0.12279409151018619,0.12279409151018619,91,0.24621886592838402,positive
E12,V01,-0.12239745140489691,0.12239745140489691,91,0.24775956493943657,negative
S07,S08,-0.12230617060517247,0.12230617060517247,91,0.24811507071772293,negative
E05,S13,-0.12227505517150354,0.12227505517150354,91,0.24823633425164657,negative
E02,V12,-0.12203271049050038,0.12203271049050038,91,0.24918219864207192,negative
S05,V02,-0.12201096057214653,0.12201096057214653,91,0.24926720889886106,negative
T04,V13,-0.12176558931118793,0.12176558931118793,91,0.2502276309980515,negative
T01,V07,-0.12150720104817656,0.12150720104817656,91,0.25124174663020193,negative
V01,V15,0.12147414720295571,0.12147414720295571,91,0.25137167859537063,positive
S11,V15,0.12130179875052408,0.12130179875052408,91,0.25204991283033146,positive
V02,V14,0.12127910417623668,0.12127910417623668,91,0.2521393150145004,positive
S04,S06,0.12092415663149322,0.12092415663149322,91,0.2535404109140808,positive
E03,E05,-0.12058028273227817,0.12058028273227817,91,0.2549028687279046,negative
E02,E08,0.12029850632070635,0.12029850632070635,91,0.2560230154346775,positive
E06,V03,-0.12021392259829855,0.12021392259829855,91,0.25635991638077865,negative
T07,S11,-0.12011613741848723,0.12011613741848723,91,0.25674977640728974,negative
S05,S14,0.12011518067228226,0.12011518067228226,91,0.2567535928593143,positive
E01,V04,-0.12003329398344242,0.12003329398344242,91,0.2570803815954672,negative
S14,V06,0.11997291809240695,0.11997291809240695,91,0.25732150793461034,positive
T10,V11,-0.11982939593966159,0.11982939593966159,91,0.25789531890513506,negative
S15,V06,0.11981950407430123,0.11981950407430123,91,0.25793489933934566,positive
E01,V14,0.11977075797041335,0.11977075797041335,91,0.2581300081689932,positive
S15,V11,0.11975227512690312,0.11975227512690312,91,0.25820401301201645,positive
T14,S15,-0.11945357150063873,0.11945357150063873,91,0.2594020203224488,negative
T09,T11,0.11922122714328567,0.11922122714328567,91,0.26033649389527114,positive
E03,S13,-0.11916850861199094,0.11916850861199094,91,0.26054884265875744,negative
S01,S07,0.11884335076545303,0.11884335076545303,91,0.26186117300937495,positive
E06,V14,-0.11870171331233408,0.11870171331233408,91,0.2624342203244783,negative
E03,E04,-0.1185446523509273,0.1185446523509273,91,0.2630706640432478,negative
S08,S09,0.11852182300614197,0.11852182300614197,91,0.263163260404732,positive
E01,S11,0.11791787829109829,0.11791787829109829,91,0.2656209067276522,positive
T07,S08,0.117876400959767,0.117876400959767,91,0.26579025966870773,positive
S01,V08,-0.11784361595875002,0.11784361595875002,91,0.26592417331843937,negative
S11,V08,0.11772741758977184,0.11772741758977184,91,0.26639916496223975,positive
T08,S11,-0.11760723617827991,0.11760723617827991,91,0.26689104177545886,negative
T11,S03,0.11756225584865189,0.11756225584865189,91,0.2670752944695504,positive
E07,S12,-0.11736991975986558,0.11736991975986558,91,0.2678641296835769,negative
T10,S03,0.11711062377252442,0.11711062377252442,91,0.2689300790367485,positive
E02,V14,-0.11697471562704466,0.11697471562704466,91,0.2694899307440559,negative
S02,S14,-0.11694637155105145,0.11694637155105145,91,0.2696067886007894,negative
E13,V15,-0.11686082451402703,0.11686082451402703,91,0.26995969185800034,negative
T08,V08,-0.1167203616277294,0.1167203616277294,91,0.2705398122058844,negative
T10,E14,-0.11671591412463442,0.11671591412463442,91,0.2705581943772409,negative
T15,E04,-0.11650744489303534,0.11650744489303534,91,0.2714207721738965,negative
T02,T14,0.11640993410188011,0.11640993410188011,91,0.27182487500007896,positive
T04,V15,-0.11640772215653294,0.11640772215653294,91,0.27183404640707726,negative
E09,S12,0.11638909470435667,0.11638909470435667,91,0.2719112898260388,positive
T06,S05,-0.11623887413957106,0.11623887413957106,91,0.2725347571253731,negative
T09,S15,-0.11623517069445133,0.11623517069445133,91,0.2725501398387724,negative
E10,S02,-0.11609475580398883,0.11609475580398883,91,0.27313380115693814,negative
S10,V11,0.11603807403050091,0.11603807403050091,91,0.2733696476589786,positive
S15,V01,-0.1156695315549254,0.1156695315549254,91,0.2749064493336287,negative
T04,T09,-0.11534295459674775,0.11534295459674775,91,0.2762730937437846,negative
T01,V14,-0.11528183266838647,0.11528183266838647,91,0.2765293790574672,negative
S07,V09,0.11523938506607331,0.11523938506607331,91,0.2767074563095876,positive
T10,V01,-0.11519346301597422,0.11519346301597422,91,0.27690019616350686,negative
T08,E09,-0.11518872936306754,0.11518872936306754,91,0.27692006893311216,negative
E02,S11,-0.11511395960661996,0.11511395960661996,91,0.2772340932379399,negative
E13,V09,-0.11476852773297401,0.11476852773297401,91,0.2786879621832206,negative
T10,E13,-0.11428048067861309,0.11428048067861309,91,0.280750753261734,negative
S06,V05,0.11410580147685544,0.11410580147685544,91,0.28149152680062167,positive
S08,V08,-0.11407009177427158,0.11407009177427158,91,0.2816431236389332,negative
T07,S01,0.1140034011853447,0.1140034011853447,91,0.28192638806002424,positive
T02,V14,-0.1139241017032289,0.1139241017032289,91,0.2822634551739961,negative
T03,T13,0.11387449672458794,0.11387449672458794,91,0.28247444057079113,positive
E04,S03,0.11366197713939716,0.11366197713939716,91,0.28337954190162373,positive
S07,V13,0.11358503653414162,0.11358503653414162,91,0.28370770044474736,positive
S05,V01,0.11347379324571837,0.11347379324571837,91,0.2841826100925193,positive
E06,S05,-0.11341606270382525,0.11341606270382525,91,0.28442927638679233,negative
T08,T14,0.11322836095748455,0.11322836095748455,91,0.28523225700291105,positive
T07,T13,-0.11314487802816818,0.11314487802816818,91,0.28558987731972396,negative
E12,S06,-0.1130413314935405,0.1130413314935405,91,0.28603385896587785,negative
E06,V04,-0.11233767048829091,0.11233767048829091,91,0.2890631205434763,negative
E02,E12,-0.11220576700920795,0.11220576700920795,91,0.2896333212699176,negative
S01,V14,-0.11216390067704772,0.11216390067704772,91,0.28981445926387245,negative
S06,V11,0.1121240725253092,0.1121240725253092,91,0.2899868484849491,positive
E04,V05,0.1118549441048611,0.1118549441048611,91,0.29115350215230806,positive
S03,S12,0.11176159014334121,0.11176159014334121,91,0.29155890904331855,positive
T07,S10,0.11170761431820872,0.11170761431820872,91,0.2917934791664122,positive
E12,V08,-0.11155316624268131,0.11155316624268131,91,0.2924653738641595,negative
T13,V14,-0.11145274108864306,0.11145274108864306,91,0.2929028004588443,negative
T06,V10,-0.11145226036012092,0.11145226036012092,91,0.29290489542856196,negative
E13,S01,0.11118766386884918,0.11118766386884918,91,0.2940594826699955,positive
T14,V11,0.11099870959519524,0.11099870959519524,91,0.29488583295589466,positive
T14,V03,-0.11081020817445934,0.11081020817445934,91,0.2957117253693648,negative
E05,E11,0.11057077737128057,0.11057077737128057,91,0.29676295050925844,positive
T08,S04,-0.11056643195497882,0.11056643195497882,91,0.29678205180829587,negative
S11,V03,-0.11048185742850618,0.11048185742850618,91,0.2971539799922819,negative
V12,V13,0.11043538537525922,0.11043538537525922,91,0.29735847763231127,positive
T06,E07,-0.11034870026618732,0.11034870026618732,91,0.29774017762581173,negative
E09,V13,-0.11029733919509596,0.11029733919509596,91,0.297966487278746,negative
T15,S06,-0.1102915701182288,0.1102915701182288,91,0.29799191432152916,negative
E11,V15,0.10974487666331999,0.10974487666331999,91,0.30040791609333267,positive
T07,S04,-0.10944637601593821,0.10944637601593821,91,0.3017324813194998,negative
T15,S05,0.1093954735134333,0.1093954735134333,91,0.3019587366519317,positive
S15,V15,-0.10938607753637744,0.10938607753637744,91,0.3020005127406039,negative
T12,V07,-0.10919901918519975,0.10919901918519975,91,0.3028329924381881,negative
T05,V11,0.1091982177771464,0.1091982177771464,91,0.30283656222800626,positive
T09,V13,-0.10917294955734382,0.10917294955734382,91,0.30294913102284493,negative
E02,V07,-0.10895832737319962,0.10895832737319962,91,0.30390636586070385,negative
E08,V04,0.1086543555576855,0.1086543555576855,91,0.3052654842449336,positive
S04,V08,-0.10857504710260454,0.10857504710260454,91,0.30562073910530285,negative
T06,V09,0.1084343592164351,0.1084343592164351,91,0.3062516002969952,positive
T07,V15,-0.10841737180103823,0.10841737180103823,91,0.30632783125079277,negative
E11,E12,0.10827979908801563,0.10827979908801563,91,0.3069456436118651,positive
S13,V09,-0.10810283394951284,0.10810283394951284,91,0.30774155185653607,negative
E04,V12,-0.10805763090432446,0.10805763090432446,91,0.3079450695672207,negative
S06,V04,0.10805676260069051,0.10805676260069051,91,0.3079489797882393,positive
T05,T14,0.10801543620603728,0.10801543620603728,91,0.30813512177758623,positive
T03,T09,0.10783236171007925,0.10783236171007925,91,0.30896060422598726,positive
T04,V12,-0.10782826171019345,0.10782826171019345,91,0.3089791075516688,negative
T10,S11,-0.10780081468204097,0.10780081468204097,91,0.30910299471019076,negative
E07,V02,-0.10770909583387223,0.10770909583387223,91,0.3095172185211117,negative
T15,S09,-0.1074802461877566,0.1074802461877566,91,0.31055232839920505,negative
T06,E15,0.10727940405528012,0.10727940405528012,91,0.3114626058296301,positive
T04,E09,0.10699735973352704,0.10699735973352704,91,0.3127438331192629,positive
S11,V09,0.1067227995344457,0.1067227995344457,91,0.31399433559603684,positive
E11,V04,0.10664839838193553,0.10664839838193553,91,0.31433375655700274,positive
S09,V01,-0.10664372572141108,0.10664372572141108,91,0.31435508132928275,negative
E13,S13,-0.10658091237494281,0.10658091237494281,91,0.31464183541343776,negative
E05,V04,-0.1064998268637476,0.1064998268637476,91,0.31501225504628505,negative
T05,S07,0.10642526399062119,0.10642526399062119,91,0.3153531261057724,positive
E08,S07,0.10625256462236238,0.10625256462236238,91,0.3161435516331657,positive
T12,S07,-0.10590081493025648,0.10590081493025648,91,0.3177574204109986,negative
S06,S12,-0.1058601436573758,0.1058601436573758,91,0.3179443667075173,negative
T04,S09,-0.1058234565329559,0.1058234565329559,91,0.3181130605525151,negative
S07,V15,0.10568117999204091,0.10568117999204091,91,0.31876781823760786,positive
T12,E07,-0.10562954007219143,0.10562954007219143,91,0.319005679917542,negative
E14,V05,-0.10538221975824542,0.10538221975824542,91,0.3201464594965564,negative
S11,V11,-0.10518203436064547,0.10518203436064547,91,0.321071744184111,negative
E03,S07,-0.10483093831469786,0.10483093831469786,91,0.32269870165195386,negative
E08,S04,-0.10482634484493256,0.10482634484493256,91,0.322720022476023,negative
T05,S13,0.10478989463213693,0.10478989463213693,91,0.3228892400133321,positive
V02,V12,0.10473599950352808,0.10473599950352808,91,0.3231395485416621,positive
T12,S04,0.1046498663103999,0.1046498663103999,91,0.3235398404395663,positive
T07,S06,-0.10462717364579924,0.10462717364579924,91,0.3236453542518415,negative
T03,S02,0.10446310876496102,0.10446310876496102,91,0.3244088604137556,positive
S01,V05,-0.10439658918909366,0.10439658918909366,91,0.32471874971361686,negative
V10,V11,0.10427485913714307,0.10427485913714307,91,0.32528633382475786,positive
T14,S02,-0.1039654630625668,0.1039654630625668,91,0.32673179172360234,negative
T12,E02,0.10396224913711355,0.10396224913711355,91,0.32674682825373635,positive
T01,E04,0.10393080581333622,0.10393080581333622,91,0.3268939609130125,positive
T09,E12,-0.10388384697914356,0.10388384697914356,91,0.3271137740054332,negative
E15,S12,-0.10381427673922536,0.10381427673922536,91,0.3274396038993872,negative
V02,V08,0.10377952130035656,0.10377952130035656,91,0.32760245738480004,positive
S15,V14,-0.10371279050023595,0.10371279050023595,91,0.32791528258806685,negative
T11,E08,-0.10356101757341397,0.10356101757341397,91,0.32862748328420677,negative
T15,E12,-0.10336148845778229,0.10336148845778229,91,0.3295652807094172,negative
E15,S14,-0.10334115299357151,0.10334115299357151,91,0.3296609540655798,negative
E02,S02,0.10320055124531123,0.10320055124531123,91,0.33032293446662625,positive
T02,E04,0.10301560565708172,0.10301560565708172,91,0.33119498137893655,positive
V05,V09,0.102986804536748,0.102986804536748,91,0.3313309146810838,positive
S04,S15,-0.10261700035381514,0.10261700035381514,91,0.33307943814645036,negative
S14,V14,0.10259198201949626,0.10259198201949626,91,0.33319794194672975,positive
S05,V04,0.10245299329697256,0.10245299329697256,91,0.33385677382779144,positive
T03,S07,-0.10232676752942037,0.10232676752942037,91,0.33445582214781816,negative
T13,S02,-0.10201513341621882,0.10201513341621882,91,0.3359377048115153,negative
S06,V07,0.10185963333808228,0.10185963333808228,91,0.33667869005083545,positive
T09,S10,0.10153400142214809,0.10153400142214809,91,0.33823372821249625,positive
T08,V06,-0.10110587722164523,0.10110587722164523,91,0.34028509990778993,negative
T10,E12,-0.10084739693396357,0.10084739693396357,91,0.3415274031180884,negative
T15,S13,0.1007992736056547,0.1007992736056547,91,0.3417590072495724,positive
V10,V14,-0.1007531197002985,0.1007531197002985,91,0.34198122588435986,negative
T01,E13,0.10074549596189686,0.10074549596189686,91,0.34201794087541604,positive
E01,E11,0.10068624433392073,0.10068624433392073,91,0.3423033739512917,positive
S05,S10,-0.10065117400184131,0.10065117400184131,91,0.34247238891307785,negative
S14,V03,0.1006367955914917,0.1006367955914917,91,0.3425416981537146,positive
E06,V07,-0.10061370293204339,0.10061370293204339,91,0.34265303173655987,negative
E07,V12,0.10057866085619088,0.10057866085619088,91,0.3428220188888151,positive
T02,T12,-0.10048184136349586,0.10048184136349586,91,0.34328919404098657,negative
E07,S15,-0.1000362421364251,0.1000362421364251,91,0.34544445849553695,negative
S10,V14,-0.09986339192063276,0.09986339192063276,91,0.34628277404572877,negative
T11,S15,-0.09980246606825027,0.09980246606825027,91,0.3465785649586939,negative
T06,E03,-0.09977222229494631,0.09977222229494631,91,0.3467254551604681,negative
T02,V11,0.09947671116044143,0.09947671116044143,91,0.348162765148355,positive
T09,S07,-0.09930462163800154,0.09930462163800154,91,0.34900148874241316,negative
S09,S13,0.0992723639395077,0.0992723639395077,91,0.34915884540562975,positive
E01,S08,-0.09926327108901432,0.09926327108901432,91,0.3492032093484389,negative
T15,V05,-0.09924767729557152,0.09924767729557152,91,0.3492792995294756,negative
S06,S13,-0.09896530315517388,0.09896530315517388,91,0.35065893894597716,negative
S14,V04,-0.09865745885662218,0.09865745885662218,91,0.3521668860787142,negative
T01,V08,-0.09858739859000272,0.09858739859000272,91,0.35251063276110745,negative
S09,V15,-0.09855536571873971,0.09855536571873971,91,0.35266786971872116,negative
S15,V05,-0.09849450377194957,0.09849450377194957,91,0.3529667376010299,negative
T04,T10,0.09847202711539042,0.09847202711539042,91,0.3530771509856266,positive
E10,S14,0.09828583270766875,0.09828583270766875,91,0.3539926301527457,positive
E06,E14,0.09817453447455089,0.09817453447455089,91,0.35454056382330207,positive
T01,T13,-0.09814697556335764,0.09814697556335764,91,0.3546763207125056,negative
E14,S01,0.09799158082813242,0.09799158082813242,91,0.35544240848476366,positive
E07,V14,0.09791660867844958,0.09791660867844958,91,0.3558123839178456,positive
T09,V15,0.09787288339250272,0.09787288339250272,91,0.35602827131766096,positive
T09,E05,0.09748919819545952,0.09748919819545952,91,0.35792614304820336,positive
S06,S08,-0.09720662412254566,0.09720662412254566,91,0.35932786968398667,negative
E11,E13,-0.09686233032604855,0.09686233032604855,91,0.3610403365571201,negative
E12,S10,-0.09668465389217257,0.09668465389217257,91,0.36192603822279973,negative
T09,T13,-0.09656364376930017,0.09656364376930017,91,0.36253002876097806,negative
T15,E13,-0.09640550206194931,0.09640550206194931,91,0.36332028665382554,negative
E12,S11,-0.09629461507124842,0.09629461507124842,91,0.3638750370918672,negative
E03,E09,0.09622054710433423,0.09622054710433423,91,0.3642458775687151,positive
E07,S08,-0.09598451640612109,0.09598451640612109,91,0.36542917493105415,negative
E11,S13,-0.09566862546604656,0.09566862546604656,91,0.3670165240812944,negative
E11,S08,0.09538754508250172,0.09538754508250172,91,0.368432496659011,positive
V03,V15,0.09525459545709171,0.09525459545709171,91,0.3691034073199983,positive
S06,V02,0.09498813153731663,0.09498813153731663,91,0.3704503249825339,positive
T10,V13,0.09492955113139795,0.09492955113139795,91,0.3707468381379555,positive
E13,S12,-0.09488934821457182,0.09488934821457182,91,0.3709504147726502,negative
E01,S01,-0.09476019233716089,0.09476019233716089,91,0.37160488639321687,negative
T13,S12,-0.09468414722538611,0.09468414722538611,91,0.37199055890129945,negative
S10,S15,-0.09459120400456014,0.09459120400456014,91,0.37246226348465655,negative
E04,V14,0.09453604209247086,0.09453604209247086,91,0.37274239293686584,positive
E08,V03,0.09453265315137344,0.09453265315137344,91,0.3727596072226562,positive
S04,V13,0.09442694254581624,0.09442694254581624,91,0.3732968122739359,positive
S05,V07,-0.09435179690880702,0.09435179690880702,91,0.3736789772273801,negative
E05,E13,0.09425388974583815,0.09425388974583815,91,0.374177256435982,positive
T15,V10,-0.0940598790978677,0.0940598790978677,91,0.3751658281385747,negative
T05,V05,-0.09394738352258533,0.09394738352258533,91,0.37573976972213724,negative
T03,T08,-0.09385876211781022,0.09385876211781022,91,0.3761922826946619,negative
E12,V07,-0.09375485421126858,0.09375485421126858,91,0.37672327154690466,negative
T03,E12,-0.09374016863061982,0.09374016863061982,91,0.3767983542504014,negative
T06,S06,-0.09369760482001192,0.09369760482001192,91,0.3770160207312869,negative
T07,S05,-0.09313292076640158,0.09313292076640158,91,0.37991095917556733,negative
E04,V07,0.09295935140277695,0.09295935140277695,91,0.38080348066345315,positive
S08,S12,0.09294481219821327,0.09294481219821327,91,0.38087830099772646,positive
E06,V12,-0.0928136798779101,0.0928136798779101,91,0.3815535231260849,negative
S02,S06,0.0927881859595654,0.0927881859595654,91,0.381684879338059,positive
T02,V02,0.09265299149576363,0.09265299149576363,91,0.3823819181535763,positive
T01,V09,-0.09242974603972866,0.09242974603972866,91,0.3835346103596341,negative
T06,T11,-0.09218632399452403,0.09218632399452403,91,0.38479386188623144,negative
E11,S09,0.09212140534700447,0.09212140534700447,91,0.3851301131545453,positive
E10,V12,-0.09210316716031032,0.09210316716031032,91,0.3852246110431621,negative
E08,V01,0.09201984892904694,0.09201984892904694,91,0.38565648664964786,positive
S06,S11,0.09192110692465169,0.09192110692465169,91,0.3861686868653707,positive
S14,V11,-0.09189570233891113,0.09189570233891113,91,0.3863005330019491,negative
T08,S05,0.09174176824593777,0.09174176824593777,91,0.38710000633728797,positive
E04,S08,-0.09166460928027273,0.09166460928027273,91,0.3875011127266103,negative
T11,E05,-0.09154626694780389,0.09154626694780389,91,0.3881167922153256,negative
T07,V14,0.09137725035126987,0.09137725035126987,91,0.3889971212297996,positive
S14,V02,-0.09131639943606776,0.09131639943606776,91,0.38931435766938355,negative
S13,V15,-0.091225177721484,0.091225177721484,91,0.38979021713265016,negative
T11,T13,0.09115020988643661,0.09115020988643661,91,0.39018154815650113,positive
E15,V08,-0.09102386923008723,0.09102386923008723,91,0.3908415755181534,negative
T11,V08,-0.09080590697614423,0.09080590697614423,91,0.3919818172861657,negative
E09,E15,-0.09069620215595002,0.09069620215595002,91,0.3925564738024925,negative
S01,V06,0.09048656441862855,0.09048656441862855,91,0.3936559950456281,positive
T13,V11,-0.09028599196629741,0.09028599196629741,91,0.3947096841513054,negative
S06,V09,0.09028123519489759,0.09028123519489759,91,0.39473469375449166,positive
T14,E07,-0.09023529600329373,0.09023529600329373,91,0.3949762760114322,negative
E05,E12,-0.09020676033291304,0.09020676033291304,91,0.39512638191477584,negative
S07,S10,-0.0901606701088213,0.0901606701088213,91,0.3953689014481087,negative
T07,V02,0.09006658914149952,0.09006658914149952,91,0.3958642151619466,positive
E05,S07,0.0900625700504341,0.0900625700504341,91,0.39588538291481545,positive
T10,V03,-0.08983390353435197,0.08983390353435197,91,0.3970908305401318,negative
V11,V15,-0.08979460165624112,0.08979460165624112,91,0.39729823487122745,negative
E09,V05,-0.08927732272021904,0.08927732272021904,91,0.40003400586262644,negative
E04,S14,0.08910366711859047,0.08910366711859047,91,0.4009549212076781,positive
E07,E15,0.08906722966998976,0.08906722966998976,91,0.4011483118751251,positive
S08,V14,-0.08906297327608215,0.08906297327608215,91,0.4011709061492415,negative
S08,V03,-0.08902039337820836,0.08902039337820836,91,0.40139697494524207,negative
E01,S02,-0.08893924430000472,0.08893924430000472,91,0.401828026598778,negative
E13,S09,-0.08889641187365012,0.08889641187365012,91,0.40205565602532956,negative
T15,S11,0.08866577205583098,0.08866577205583098,91,0.40328267893203695,positive
S07,S15,0.0885891928154672,0.0885891928154672,91,0.4036905739289785,positive
E07,S04,-0.0885492170200564,0.0885492170200564,91,0.40390359917317914,negative
S04,S05,0.088540442858663,0.088540442858663,91,0.4039503642638709,positive
E13,V14,-0.08849451813347431,0.08849451813347431,91,0.4041951887968638,negative
T06,S04,0.08832595269420652,0.08832595269420652,91,0.40509455835584024,positive
S03,S08,-0.08770434684353391,0.08770434684353391,91,0.4084212434711388,negative
E15,S01,0.08768988130167787,0.08768988130167787,91,0.408498849498561,positive
T05,E07,-0.087687718937686,0.087687718937686,91,0.40851045108307565,negative
E10,V08,-0.08764537201801545,0.08764537201801545,91,0.4087376910028598,negative
E02,V10,-0.08739785601529654,0.08739785601529654,91,0.41006737802365933,negative
T03,V15,0.0873894292992557,0.0873894292992557,91,0.4101126918437657,positive
S03,V05,0.08727721696250201,0.08727721696250201,91,0.4107163812527921,positive
E11,V06,0.08719186536934359,0.08719186536934359,91,0.41117591018452554,positive
S02,V15,-0.08683617331855559,0.08683617331855559,91,0.4130941672310997,negative
E01,S15,-0.08670787275490602,0.08670787275490602,91,0.41378737244234626,negative
E13,S10,0.0866779237370209,0.0866779237370209,91,0.4139492837241895,positive
S03,S07,-0.0866318299923564,0.0866318299923564,91,0.4141985491096409,negative
V03,V05,0.08640692039828665,0.08640692039828665,91,0.415416064861899,positive
S11,V04,0.08636256828842921,0.08636256828842921,91,0.4156564037228337,positive
E04,S10,-0.0861882899316086,0.0861882899316086,91,0.4166015791085646,negative
E14,V09,0.08614681216410054,0.08614681216410054,91,0.4168267117200825,positive
T13,V09,-0.08614282941735232,0.08614282941735232,91,0.41684833294406803,negative
S05,V05,0.08602643045476632,0.08602643045476632,91,0.4174805176626878,positive
E09,V07,0.08586130164142303,0.08586130164142303,91,0.4183783156315603,positive
T04,S05,-0.08579428026890855,0.08579428026890855,91,0.4187430263786494,negative
E13,S14,-0.08576230285171246,0.08576230285171246,91,0.41891710293769235,negative
T01,V13,-0.08569004882418581,0.08569004882418581,91,0.4193105887478665,negative
V02,V05,0.08567650673504214,0.08567650673504214,91,0.4193843609297767,positive
T10,E08,-0.08549299146632025,0.08549299146632025,91,0.4203848222328153,negative
E13,S15,-0.08512646515295126,0.08512646515295126,91,0.42238711521960237,negative
T02,V12,-0.08506130714257565,0.08506130714257565,91,0.42274364046458535,negative
T11,S12,0.08482608662098479,0.08482608662098479,91,0.4240321380780229,positive
T14,V12,-0.08467778876216416,0.08467778876216416,91,0.42484564737583125,negative
V01,V03,0.08455298159823664,0.08455298159823664,91,0.4255309891992398,positive
T01,E14,0.0844633477266485,0.0844633477266485,91,0.4260235784420288,positive
S07,V10,-0.08379002760402116,0.08379002760402116,91,0.4297342977302293,negative
T14,S06,-0.08373061866650951,0.08373061866650951,91,0.43006258860789676,negative
T15,V03,-0.08357824982543499,0.08357824982543499,91,0.43090522545572146,negative
T01,T14,0.08356963083427453,0.08356963083427453,91,0.4309529186952776,positive
T06,V06,0.08347238775392321,0.08347238775392321,91,0.43149122237959237,positive
T09,V11,0.08347205539522787,0.08347205539522787,91,0.4314930628578556,positive
E01,V12,-0.08330811138278774,0.08330811138278774,91,0.43240146872722346,negative
T06,S14,-0.0832321141357342,0.0832321141357342,91,0.4328229347956544,negative
T05,T10,0.08318931533433466,0.08318931533433466,91,0.43306039152527337,positive
E02,E14,0.08315446168420285,0.08315446168420285,91,0.4332538216158192,positive
T10,E06,-0.08305260223788477,0.08305260223788477,91,0.43381940063707203,negative
T15,E02,0.0827751539797924,0.0827751539797924,91,0.43536207013094863,positive
E04,S05,-0.08275521552672105,0.08275521552672105,91,0.43547305174128237,negative
T09,E02,0.08261323181823159,0.08261323181823159,91,0.4362638266173977,positive
T02,T08,0.08260994222371666,0.08260994222371666,91,0.4362821575733859,positive
T08,T13,0.0825305933540179,0.0825305933540179,91,0.4367244538793341,positive
T11,E14,-0.08252025074523127,0.08252025074523127,91,0.4367821230227491,negative
E06,S13,-0.08244397024552162,0.08244397024552162,91,0.43720758707168483,negative
V03,V09,0.08227394405759714,0.08227394405759714,91,0.43815677298080585,positive
E03,E15,0.0822547377813089,0.0822547377813089,91,0.4382640668538094,positive
T08,V04,-0.08216586932865329,0.08216586932865329,91,0.4387607145362548,negative
E10,S05,0.08170101245051259,0.08170101245051259,91,0.4413637751514769,positive
E09,S09,-0.08163907425412985,0.08163907425412985,91,0.44171126594455623,negative
S02,S13,0.08160030585180525,0.08160030585180525,91,0.4419288459719384,positive
T09,V08,-0.0815362621988624,0.0815362621988624,91,0.4422884104326212,negative
T15,S07,-0.08152446693755665,0.08152446693755665,91,0.4423546512761229,negative
E09,V12,0.08149481500327244,0.08149481500327244,91,0.44252119780063043,positive
T11,E13,0.08148717479067591,0.08148717479067591,91,0.44256411642480664,positive
S09,S10,-0.08132338190932126,0.08132338190932126,91,0.44348477986753887,negative
E07,S01,0.08119399418792757,0.08119399418792757,91,0.4442128151411958,positive
E08,V07,-0.08113059541137539,0.08113059541137539,91,0.4445697902888999,negative
T03,V06,-0.08110077864187272,0.08110077864187272,91,0.4447377331426484,negative
E03,V02,-0.08101596523696711,0.08101596523696711,91,0.445215638827749,negative
T10,E10,-0.08096709753964222,0.08096709753964222,91,0.4454911286480806,negative
E06,S09,-0.08091166556683045,0.08091166556683045,91,0.4458037398981981,negative
T01,S03,-0.08063257164729896,0.08063257164729896,91,0.4473795683777993,negative
S03,S15,0.08043299044571162,0.08043299044571162,91,0.4485083562854121,positive
E07,S13,-0.08042310343812784,0.08042310343812784,91,0.44856431634479615,negative
E07,S14,0.08021330742059606,0.08021330742059606,91,0.4497526714664659,positive
T02,V08,-0.0801616855802236,0.0801616855802236,91,0.4500453436351731,negative
T10,S02,0.08013428069606492,0.08013428069606492,91,0.4502007598671553,positive
E08,S11,-0.08007423594404618,0.08007423594404618,91,0.45054138499966906,negative
T06,V01,-0.07991206739838852,0.07991206739838852,91,0.4514620602132789,negative
E14,V03,-0.07980788761573086,0.07980788761573086,91,0.4520540688570306,negative
E04,V04,-0.0797980162800657,0.0797980162800657,91,0.4521101857528003,negative
T04,E06,0.07955255927224823,0.07955255927224823,91,0.45350681201215987,positive
E04,V06,0.07954346367562294,0.07954346367562294,91,0.45355861100245426,positive
E01,S13,-0.07930976806674402,0.07930976806674402,91,0.4548906211167827,negative
E03,S11,-0.07916336500019557,0.07916336500019557,91,0.4557261864946437,negative
E10,V13,0.07909221982363765,0.07909221982363765,91,0.45613253925934655,positive
E01,V08,-0.07905342982660686,0.07905342982660686,91,0.45635417654467425,negative
T01,V11,-0.07881049488083583,0.07881049488083583,91,0.45774360484297916,negative
T12,V02,0.0787001454330325,0.0787001454330325,91,0.45837550120538256,positive
E06,S12,-0.07826724133220393,0.07826724133220393,91,0.4608590869200728,negative
T02,E07,-0.07819344680320178,0.07819344680320178,91,0.4612831851478213,negative
E08,S09,-0.0780712970840156,0.0780712970840156,91,0.46198565217704635,negative
T11,S02,-0.07787211673497928,0.07787211673497928,91,0.4631323702626958,negative
T05,E04,0.07765026322433229,0.07765026322433229,91,0.46441145585211774,positive
S09,V11,0.07751774351220464,0.07751774351220464,91,0.4651764127470737,positive
E06,S06,-0.07734705466602386,0.07734705466602386,91,0.46616271102759904,negative
T14,V10,-0.07721349612156475,0.07721349612156475,91,0.46693525307026246,negative
E12,V10,-0.07719693681831301,0.07719693681831301,91,0.46703108558715645,negative
V10,V15,-0.077105363049266,0.077105363049266,91,0.4675612377343303,negative
T03,S01,-0.07701835158590865,0.07701835158590865,91,0.4680652807556877,negative
T04,T08,0.0768232175976578,0.0768232175976578,91,0.4691967346453693,positive
T15,S10,0.07679012346653331,0.07679012346653331,91,0.4693887731562,positive
T12,V06,0.0767818528576164,0.0767818528576164,91,0.4694367724890682,positive
T05,E10,0.07661948756214579,0.07661948756214579,91,0.470379616310678,positive
S01,S04,0.07661396312322374,0.07661396312322374,91,0.47041171441086366,positive
E11,V01,0.07642979784259897,0.07642979784259897,91,0.4714824318957106,positive
S04,V09,0.076417874868224,0.076417874868224,91,0.47155179631107474,positive
E05,V01,0.0763845192789371,0.0763845192789371,91,0.47174587885819913,positive
E04,V02,-0.07628866820070783,0.07628866820070783,91,0.47230383796172515,negative
T07,S09,-0.0762064832157443,0.0762064832157443,91,0.47278252972200263,negative
E08,V05,-0.07602392768009039,0.07602392768009039,91,0.473846774915143,negative
E03,S05,0.07590172922521013,0.07590172922521013,91,0.4745598787129403,positive
T04,S14,0.0758545434421329,0.0758545434421329,91,0.47483539200994235,positive
T08,S08,0.07553150408126198,0.07553150408126198,91,0.4767239045811807,positive
S12,S13,-0.07545201115332924,0.07545201115332924,91,0.47718924541237767,negative
S09,S12,0.0754127089446974,0.0754127089446974,91,0.4774194054683034,positive
T02,E10,-0.0753646971664306,0.0753646971664306,91,0.4777006511683993,negative
E11,S03,-0.07509798020545298,0.07509798020545298,91,0.47926465931010276,negative
S01,V02,-0.07508831460046644,0.07508831460046644,91,0.47932138922803275,negative
T06,S03,-0.07508781158136969,0.07508781158136969,91,0.4793243416749152,negative
T14,E13,-0.07507088930738062,0.07507088930738062,91,0.4794236718496498,negative
T05,E13,-0.07492184858455185,0.07492184858455185,91,0.4802989861196059,negative
T07,E03,0.07482806292800043,0.07482806292800043,91,0.48085022672108785,positive
T08,T12,0.07466312008778947,0.07466312008778947,91,0.4818205265337175,positive
S02,V05,-0.07464713578161793,0.07464713578161793,91,0.4819146121107005,negative
E10,S10,-0.07463209677194145,0.07463209677194145,91,0.4820031425250155,negative
V06,V14,0.07462621181270818,0.07462621181270818,91,0.48203778798919644,positive
E02,E15,-0.07435004984576425,0.07435004984576425,91,0.48366508275250975,negative
S11,S13,0.07427276504249013,0.07427276504249013,91,0.48412101055346435,positive
S12,V15,0.07418751014762913,0.07418751014762913,91,0.48462422212240247,positive
T10,E07,-0.07418631622400271,0.07418631622400271,91,0.48463127115815163,negative
S01,V04,-0.07417718090868541,0.07417718090868541,91,0.4846852087142817,negative
T15,E01,-0.073925250393848,0.073925250393848,91,0.4861739389392822,negative
T04,E07,0.0738556261112966,0.0738556261112966,91,0.48658579725632767,positive
T02,E11,-0.07369586600572357,0.07369586600572357,91,0.4875315489709116,negative
T04,V14,-0.0736915891400564,0.0736915891400564,91,0.48755688066177477,negative
E02,V15,0.07343494299135211,0.07343494299135211,91,0.4890782623375394,positive
E03,S15,0.07341491899654928,0.07341491899654928,91,0.48919706890110376,positive
E07,V06,-0.0733325633592641,0.0733325633592641,91,0.48968586279325793,negative
T03,E03,0.0731813186773545,0.0731813186773545,91,0.4905841967912997,positive
E10,V04,-0.0731038987702508,0.0731038987702508,91,0.49104437738696466,negative
T11,T14,0.07298831126699513,0.07298831126699513,91,0.49173184854900964,positive
E10,V03,-0.07298549148317668,0.07298549148317668,91,0.49174862590948776,negative
E06,S11,-0.07275927755886398,0.07275927755886398,91,0.4930955538293813,negative
T09,E03,0.07266529683469077,0.07266529683469077,91,0.49365570663525477,positive
S02,V08,-0.0725943272609126,0.0725943272609126,91,0.49407892800590714,negative
E01,E04,0.0725555317452471,0.0725555317452471,91,0.4943103625991395,positive
V08,V15,0.07249257199386855,0.07249257199386855,91,0.49468607017380994,positive
E06,E09,0.07243889427939708,0.07243889427939708,91,0.4950065063564604,positive
T03,V04,0.07241851725726062,0.07241851725726062,91,0.49512817821539634,positive
V02,V15,-0.07239582933155242,0.07239582933155242,91,0.49526366703072844,negative
E01,V02,-0.0722102748115347,0.0722102748115347,91,0.496372500460943,negative
S03,V01,0.07212922806309581,0.07212922806309581,91,0.49685722624978007,positive
T13,E05,0.07194230281141309,0.07194230281141309,91,0.4979761368941705,positive
T11,S01,0.07176111228558889,0.07176111228558889,91,0.4990619769167207,positive
E03,V05,-0.07170023259198716,0.07170023259198716,91,0.4994270945906027,negative
E15,S04,-0.07152302063290596,0.07152302063290596,91,0.5004906924143958,negative
T01,T15,0.07137224917193721,0.07137224917193721,91,0.501396527327384,positive
S01,S11,0.07112844065039002,0.07112844065039002,91,0.5028631329325801,positive
T04,S12,-0.07080417840338703,0.07080417840338703,91,0.5048171475605792,negative
T14,S01,-0.0707805293826171,0.0707805293826171,91,0.5049598110685376,negative
T07,E13,-0.07075296998957309,0.07075296998957309,91,0.5051260903743496,negative
T11,V09,-0.07074042085354268,0.07074042085354268,91,0.5052018148483651,negative
E11,V12,-0.07056058987329229,0.07056058987329229,91,0.5062876031523027,negative
T03,T11,0.07053224746675871,0.07053224746675871,91,0.5064588396898523,positive
S05,S07,0.07033294438825517,0.07033294438825517,91,0.5076638155583407,positive
T06,E11,0.07010857075135817,0.07010857075135817,91,0.5090221348041037,positive
T04,T07,-0.07003667907953344,0.07003667907953344,91,0.5094577501821245,negative
T03,T10,0.07001915451188571,0.07001915451188571,91,0.50956396640441,positive
E05,S06,0.06997833481412691,0.06997833481412691,91,0.5098114183502677,positive
S11,S15,-0.06993388563411494,0.06993388563411494,91,0.5100809427714534,negative
E11,V13,0.06975197272167533,0.06975197272167533,91,0.5111847627542312,positive
S05,V15,0.06963452134478451,0.06963452134478451,91,0.5118980909009914,positive
T04,V11,-0.06952376406383336,0.06952376406383336,91,0.5125712306229371,negative
S10,V09,-0.06936777637216125,0.06936777637216125,91,0.5135200318732251,negative
S12,V08,-0.06926943114462311,0.06926943114462311,91,0.5141186821681178,negative
T02,E08,0.06919085528558618,0.06919085528558618,91,0.5145972480225706,positive
S03,V13,-0.06918772533871428,0.06918772533871428,91,0.5146163156600674,negative
T03,E15,0.06913567480706272,0.06913567480706272,91,0.5149334604254598,positive
T12,V08,-0.06911561495559816,0.06911561495559816,91,0.5150557120782898,negative
T07,V11,0.06900397074016852,0.06900397074016852,91,0.5157363810871856,positive
T01,S10,-0.06895205934219067,0.06895205934219067,91,0.5160530290984585,negative
E15,V13,-0.06866185262826309,0.06866185262826309,91,0.5178250498780567,negative
S10,S11,0.06861421437574083,0.06861421437574083,91,0.51811622747465,positive
E03,V06,0.0685962560192873,0.0685962560192873,91,0.5182260152955412,positive
T11,E15,-0.06850613551974934,0.06850613551974934,91,0.518777142495612,negative
T07,V10,-0.06831966678887348,0.06831966678887348,91,0.5199184265991115,negative
S04,V01,-0.06828654382001532,0.06828654382001532,91,0.5201212891839728,negative
E08,V10,-0.06825721101249224,0.06825721101249224,91,0.5203009723045553,negative
T04,S15,0.06819729588800966,0.06819729588800966,91,0.5206680903422823,positive
T03,T05,-0.06815258473671926,0.06815258473671926,91,0.5209421344992228,negative
T05,S12,0.06806578797943648,0.06806578797943648,91,0.5214743386681447,positive
E02,V05,-0.06804487506793665,0.06804487506793665,91,0.5216026096618721,negative
S12,V05,0.0680085708462509,0.0680085708462509,91,0.5218253223599981,positive
E05,V15,0.06792891709579844,0.06792891709579844,91,0.5223141364599752,positive
S10,V05,-0.06791325653210661,0.06791325653210661,91,0.5224102684216702,negative
T12,S03,0.06787571787816839,0.06787571787816839,91,0.5226407348517231,positive
V04,V12,0.06783886579429785,0.06783886579429785,91,0.5228670360546828,positive
S03,S11,-0.06780970594156974,0.06780970594156974,91,0.5230461358678515,negative
T02,S08,0.06776468528216956,0.06776468528216956,91,0.5233227135414132,positive
T13,V04,-0.06775577177927318,0.06775577177927318,91,0.523377481058652,negative
V10,V13,0.06758904157813987,0.06758904157813987,91,0.5244024592485442,positive
T03,S13,-0.06756589925303377,0.06756589925303377,91,0.5245448071451746,negative
T07,V04,0.06746611759230531,0.06746611759230531,91,0.5251587845129123,positive
T06,V03,0.06737232789411246,0.06737232789411246,91,0.5257362215357207,positive
S09,V10,0.06727069992194902,0.06727069992194902,91,0.5263622766925321,positive
S02,S10,0.06714881381926407,0.06714881381926407,91,0.5271136207388205,positive
S08,V05,0.06706651713469637,0.06706651713469637,91,0.5276212273110888,positive
T08,E03,0.06701203343554868,0.06701203343554868,91,0.5279574179294595,positive
T05,T12,0.06695232141414936,0.06695232141414936,91,0.5283259930321768,positive
T10,S15,0.06672826060622498,0.06672826060622498,91,0.5297101661070412,positive
E08,S10,-0.0666101161933514,0.0666101161933514,91,0.5304407518889201,negative
T08,S15,-0.06660746395719556,0.06660746395719556,91,0.5304571586549748,negative
E03,V03,-0.06651056480715396,0.06651056480715396,91,0.5310567516289124,negative
T04,T05,0.06633666919155483,0.06633666919155483,91,0.5321336304760502,positive
T14,S03,-0.06626309293380951,0.06626309293380951,91,0.5325895913312342,negative
S12,V07,0.06624502666322166,0.06624502666322166,91,0.5327015798837818,positive
S06,S07,0.06621047313206285,0.06621047313206285,91,0.5329158016991772,positive
S15,V13,-0.06620997293590335,0.06620997293590335,91,0.532918903084009,negative
T03,E10,-0.06608812026656154,0.06608812026656154,91,0.5336746980296218,negative
E15,V09,0.06598610734940336,0.06598610734940336,91,0.5343078454707353,positive
T11,E04,-0.06582961005931284,0.06582961005931284,91,0.5352798764285222,negative
T02,S12,-0.06582746284372745,0.06582746284372745,91,0.535293219236098,negative
S01,S12,0.06580430359777412,0.06580430359777412,91,0.5354371413708302,positive
T12,V11,-0.06571883725010212,0.06571883725010212,91,0.5359684341453848,negative
E15,V07,-0.06557585992639445,0.06557585992639445,91,0.5368578209997469,negative
E01,S05,-0.0654824964490083,0.0654824964490083,91,0.5374389796196133,negative
T11,V04,0.06538110774141255,0.06538110774141255,91,0.5380704445046379,positive
V02,V13,0.06532076919679371,0.06532076919679371,91,0.5384464161601908,positive
E03,V14,-0.06521730516336344,0.06521730516336344,91,0.5390914056549653,negative
E11,S02,-0.06515583030803729,0.06515583030803729,91,0.5394748169268053,negative
S14,V10,0.06513315361689145,0.06513315361689145,91,0.5396162826062595,positive
S02,V03,-0.06512016885831426,0.06512016885831426,91,0.5396972946062192,negative
E07,E11,0.06502569029623854,0.06502569029623854,91,0.5402869271791417,positive
T14,E04,-0.06500814421133384,0.06500814421133384,91,0.5403964656490344,negative
T05,T06,0.0649612335234056,0.0649612335234056,91,0.5406893780313612,positive
S13,V04,0.06484398337811187,0.06484398337811187,91,0.5414218340798268,positive
T12,S11,-0.06482008824119158,0.06482008824119158,91,0.541571165575797,negative
T05,V08,-0.06470625733459166,0.06470625733459166,91,0.5422828236515206,negative
E04,S15,-0.06435477986372617,0.06435477986372617,91,0.5444831101372879,negative
E11,V08,0.0643294421260001,0.0643294421260001,91,0.5446418954457064,positive
V07,V10,0.06427228721083855,0.06427228721083855,91,0.5450001541242286,positive
E06,E10,0.06423286194564407,0.06423286194564407,91,0.5452473467577743,positive
V04,V10,0.06404272440542153,0.06404272440542153,91,0.5464402584470931,positive
E03,E06,0.06399499858689126,0.06399499858689126,91,0.5467398868486003,positive
E15,S08,0.06385334427463868,0.06385334427463868,91,0.5476296802625434,positive
T02,E13,-0.06382707596542457,0.06382707596542457,91,0.5477947604733093,negative
E01,V01,-0.06379233445655358,0.06379233445655358,91,0.5480131266827826,negative
E06,S14,-0.06374446478512973,0.06374446478512973,91,0.5483140786351024,negative
E12,S01,-0.06372336239777643,0.06372336239777643,91,0.5484467727671976,negative
E04,E05,0.06354332595035038,0.06354332595035038,91,0.5495794952077887,positive
T13,T15,0.06349636202618836,0.06349636202618836,91,0.5498751611020809,positive
T10,V15,-0.06332239520248174,0.06332239520248174,91,0.550971056785246,negative
S07,V08,-0.06318980055828555,0.06318980055828555,91,0.5518070390156231,negative
E02,V02,-0.06317973480960586,0.06317973480960586,91,0.5518705265169404,negative
T03,V11,-0.06288481609485758,0.06288481609485758,91,0.553732225496667,negative
S05,S08,0.06287286852763965,0.06287286852763965,91,0.55380770918685,positive
E08,E10,0.0626543260654399,0.0626543260654399,91,0.555189314687173,positive
T05,E02,0.06238775420859188,0.06238775420859188,91,0.5568767955376562,positive
E12,S15,-0.062373556448997704,0.062373556448997704,91,0.556966740532341,negative
T02,V06,-0.062332490570900685,0.062332490570900685,91,0.5572269383570603,negative
T12,S15,0.06227772899312267,0.06227772899312267,91,0.5575740041222476,positive
S13,V08,0.062195831074921666,0.062195831074921666,91,0.5580932464357107,positive
T08,S07,-0.06214754611616657,0.06214754611616657,91,0.5583994869616686,negative
T04,V01,0.062123897369601874,0.062123897369601874,91,0.5585495050814555,positive
T13,E02,0.062036310718668254,0.062036310718668254,91,0.5591052871427621,positive
E04,E08,0.06181905070208932,0.06181905070208932,91,0.5604850512274474,positive
S08,V10,0.061813301691712896,0.061813301691712896,91,0.5605215837651571,positive
T05,S15,0.06169555259893489,0.06169555259893489,91,0.5612700789443638,positive
E06,V01,-0.06165474640162183,0.06165474640162183,91,0.5615295823985971,negative
T01,E15,-0.061635761362928324,0.061635761362928324,91,0.5616503355353039,negative
S04,S10,0.06155463691083934,0.06155463691083934,91,0.5621664614762569,positive
T13,V03,-0.06150862396332151,0.06150862396332151,91,0.562459302825509,negative
E02,E13,0.06131827525053704,0.06131827525053704,91,0.563671512615247,positive
V03,V13,0.0612845543459087,0.0612845543459087,91,0.5638863885652169,positive
T10,V06,-0.061045446815040746,0.061045446815040746,91,0.565411138364059,negative
T05,T11,0.06103204125527627,0.06103204125527627,91,0.5654966810571794,positive
S04,V11,-0.06098658638383003,0.06098658638383003,91,0.5657867802421923,negative
S07,V07,0.06096550628443654,0.06096550628443654,91,0.5659213401506138,positive
T13,S10,0.06096050530321504,0.06096050530321504,91,0.5659532649668282,positive
T01,T03,0.06090256704533174,0.06090256704533174,91,0.5663231879797062,positive
T08,V01,-0.060797330637002545,0.060797330637002545,91,0.5669953908002663,negative
T06,E04,0.06079490929118901,0.06079490929118901,91,0.5670108616906321,positive
T09,S02,0.060566840997679984,0.060566840997679984,91,0.5684689667030759,positive
S03,S10,-0.06055851148564692,0.06055851148564692,91,0.5685222529632004,negative
T06,S13,0.06034431265262346,0.06034431265262346,91,0.5698933495044497,positive
E12,S08,-0.06031921756652358,0.06031921756652358,91,0.5700540857002286,negative
T13,V13,0.0601865496971506,0.0601865496971506,91,0.5709041877902234,positive
V09,V11,0.060169032514731116,0.060169032514731116,91,0.5710164777870723,positive
E05,V13,0.06016121596392926,0.06016121596392926,91,0.5710665873800139,positive
E04,S09,0.06002365622007524,0.06002365622007524,91,0.5719487787317936,positive
T10,S14,0.05998916833405349,0.05998916833405349,91,0.5721700545299561,positive
T12,V13,0.05992552640484208,0.05992552640484208,91,0.5725784888926737,positive
S05,S13,-0.05979975157450745,0.05979975157450745,91,0.5733860731047755,negative
T10,S06,-0.05946587479523573,0.05946587479523573,91,0.5755324247577266,negative
S01,V03,-0.05942699667792427,0.05942699667792427,91,0.5757825979551175,negative
T01,E05,0.05933279970099894,0.05933279970099894,91,0.5763889465924363,positive
E02,V06,0.059317815426371434,0.059317815426371434,91,0.5764854280886278,positive
T01,E01,0.05929743097611007,0.05929743097611007,91,0.5766166925264925,positive
V05,V11,-0.05921642193472214,0.05921642193472214,91,0.5771384822501595,negative
V01,V09,0.059185030924962655,0.059185030924962655,91,0.577340734579653,positive
T13,V12,0.05888490641365598,0.05888490641365598,91,0.5792760919148797,positive
T01,S11,0.058875069332958684,0.058875069332958684,91,0.5793395771123129,positive
E06,V11,0.058735917604322646,0.058735917604322646,91,0.5802379590735167,positive
E02,V09,0.05869468287679434,0.05869468287679434,91,0.5805042991408095,positive
E10,V05,-0.058588304643252584,0.058588304643252584,91,0.5811916687711286,negative
T07,E08,-0.05800079654141514,0.05800079654141514,91,0.5849946144667398,negative
E05,V08,0.05775434299182198,0.05775434299182198,91,0.5865932884482611,positive
S05,S11,0.057596565156089435,0.057596565156089435,91,0.5876177922201222,positive
T12,V04,0.057470669379095486,0.057470669379095486,91,0.5884358584715945,positive
E14,S04,-0.057428463334710786,0.057428463334710786,91,0.5887102275507261,negative
T09,S01,-0.05724321408332671,0.05724321408332671,91,0.5899151646405679,negative
S15,V09,-0.057229455542448744,0.057229455542448744,91,0.5900047003772839,negative
V06,V10,0.05710143894095978,0.05710143894095978,91,0.5908380821877428,positive
T02,V01,-0.05701997188820317,0.05701997188820317,91,0.5913687057195504,negative
T09,S13,-0.05701860933689145,0.05701860933689145,91,0.5913775823251134,negative
E07,V09,0.056981838522941614,0.056981838522941614,91,0.5916171556731199,positive
T01,V06,-0.05681469716360246,0.05681469716360246,91,0.5927066858310599,negative
T12,S02,-0.056764194057315046,0.056764194057315046,91,0.5930360739488015,negative
E11,S12,-0.05670064113055925,0.05670064113055925,91,0.5934506918900541,negative
T15,E11,-0.05660039226516702,0.05660039226516702,91,0.5941049784396845,negative
E01,V09,-0.05654613755650259,0.05654613755650259,91,0.59445921366332,negative
T10,V10,0.05646725263163753,0.05646725263163753,91,0.5949744316168661,positive
E15,S03,-0.05631626330035941,0.05631626330035941,91,0.5959611407375114,negative
E07,V11,0.05619942013075332,0.05619942013075332,91,0.5967252089332038,positive
T08,E05,0.05597610761603347,0.05597610761603347,91,0.5981867261344518,positive
T13,E10,0.055801597922629495,0.055801597922629495,91,0.5993299533500328,positive
T02,T15,0.05579139359457768,0.05579139359457768,91,0.5993968328355446,positive
T01,E09,-0.055628785680423745,0.055628785680423745,91,0.6004630182750643,negative
E13,V08,-0.05549249896801043,0.05549249896801043,91,0.6013572698674755,negative
T01,T06,0.05535776865208991,0.05535776865208991,91,0.6022418894251446,positive
E11,S14,-0.05499639567269011,0.05499639567269011,91,0.604617452911705,negative
T04,T13,-0.05496991250924974,0.05496991250924974,91,0.6047917081308569,negative
T02,S14,0.05486860297552786,0.05486860297552786,91,0.6054585138346441,positive
T06,V12,-0.05414780037865249,0.05414780037865249,91,0.6102120527352718,negative
E10,V15,0.053949527633421396,0.053949527633421396,91,0.6115224697290154,positive
T11,T15,0.0537623703235979,0.0537623703235979,91,0.6127605457002162,positive
S06,S10,-0.05368301576332776,0.05368301576332776,91,0.6132858174371563,negative
E15,V12,-0.05360734424936238,0.05360734424936238,91,0.6137868918746766,negative
T01,V02,-0.053520296634509586,0.053520296634509586,91,0.6143635148681746,negative
T14,E08,0.053485306546868554,0.053485306546868554,91,0.6145953631570396,positive
T06,S10,-0.053288252812002536,0.053288252812002536,91,0.6159017700072529,negative
S11,V12,0.05314869695383296,0.05314869695383296,91,0.6168277077755979,positive
S10,V07,-0.05301455309696493,0.05301455309696493,91,0.6177183025008302,negative
T01,S01,-0.05291161224118093,0.05291161224118093,91,0.6184021122171264,negative
T06,E02,-0.05281538707264477,0.05281538707264477,91,0.6190416052627391,negative
T12,E14,-0.052770332999522544,0.052770332999522544,91,0.6193411230425869,negative
S03,V07,-0.05240120765507983,0.05240120765507983,91,0.6217973906000577,negative
E08,S01,0.052250307697717754,0.052250307697717754,91,0.6228027186951635,positive
T15,E08,0.05222474881598641,0.05222474881598641,91,0.6229730660298638,positive
E07,V10,-0.052122660321156804,0.052122660321156804,91,0.6236536732011113,negative
T05,V14,0.0521155258154357,0.0521155258154357,91,0.6237012495944969,positive
T04,V08,-0.05208785522770837,0.05208785522770837,91,0.6238857852816196,negative
T14,S04,-0.05165917925845094,0.05165917925845094,91,0.6267475920681206,negative
T14,S14,0.05157533783864518,0.05157533783864518,91,0.6273079588382825,positive
E11,S10,0.05155094976394472,0.05155094976394472,91,0.6274709999167203,positive
S13,V14,0.05148435207955033,0.05148435207955033,91,0.6279163150714243,positive
S04,V14,-0.051389790594998375,0.051389790594998375,91,0.6285488430873685,negative
T14,V14,0.05125519265006935,0.05125519265006935,91,0.6294496400769071,positive
T06,T13,-0.051205263127904375,0.051205263127904375,91,0.6297839314349655,negative
V02,V07,0.0511906516909999,0.0511906516909999,91,0.6298817729747745,positive
T11,V06,0.05117564600865985,0.05117564600865985,91,0.6299822611171243,positive
T15,V14,0.050906657968340326,0.050906657968340326,91,0.6317847263420078,positive
E14,S05,-0.05079932777839835,0.05079932777839835,91,0.6325045382690904,negative
T13,S06,0.050755518087644724,0.050755518087644724,91,0.6327984472172719,positive
T02,E15,-0.050630038228571476,0.050630038228571476,91,0.6336405775397901,negative
T10,E11,0.05057569295866413,0.05057569295866413,91,0.6340054487130569,positive
E03,V11,-0.050540409423540794,0.050540409423540794,91,0.6342423872823507,negative
T14,S10,0.050117487767703986,0.050117487767703986,91,0.6370852844031836,positive
E14,V04,-0.05004121979701214,0.05004121979701214,91,0.637598521779644,negative
E15,S15,-0.04990102641042106,0.04990102641042106,91,0.6385423841645842,negative
T12,V05,-0.04989346679071321,0.04989346679071321,91,0.6385932962463625,negative
T06,V07,-0.049316585381316926,0.049316585381316926,91,0.6424833688617263,negative
E09,V15,-0.04920187371054248,0.04920187371054248,91,0.6432580564598112,negative
E14,S09,-0.049011291062764535,0.049011291062764535,91,0.6445459699099378,negative
T06,S15,-0.048988255809208466,0.048988255809208466,91,0.6447017079848953,negative
E06,V15,-0.04880603479285622,0.04880603479285622,91,0.6459342180943036,negative
S09,V06,-0.04879340767153447,0.04879340767153447,91,0.6460196611286528,negative
T09,E01,-0.04866335078131308,0.04866335078131308,91,0.6468999747339226,negative
S03,V12,-0.04855057169032965,0.04855057169032965,91,0.6476637339116599,negative
E15,V06,0.0482202671203582,0.0482202671203582,91,0.6499027087584122,positive
T02,E01,0.04815323659584727,0.04815323659584727,91,0.6503574566380554,positive
E03,E14,0.04813769108555092,0.04813769108555092,91,0.6504629386409305,positive
T07,V07,-0.04801277690117118,0.04801277690117118,91,0.651310777037272,negative
E02,E04,-0.04799961772672837,0.04799961772672837,91,0.6514001190206966,negative
T09,V02,-0.0478760051137991,0.0478760051137991,91,0.6522396059763936,negative
E06,S07,0.047799403980126706,0.047799403980126706,91,0.6527600426850496,positive
T14,V09,0.04763896193213073,0.04763896193213073,91,0.6538506423150389,positive
T04,E02,0.047460515978599335,0.047460515978599335,91,0.6550644768925834,positive
T09,S11,0.04740797400979903,0.04740797400979903,91,0.6554220516830386,positive
S11,V02,0.04695639709957916,0.04695639709957916,91,0.6584984572023387,positive
T13,V15,-0.04695316245935469,0.04695316245935469,91,0.6585205140487052,negative
E10,S07,0.04692049410429527,0.04692049410429527,91,0.6587432942609707,positive
T08,T15,0.04691743467424862,0.04691743467424862,91,0.6587641594161827,positive
T07,V06,-0.04687599566834489,0.04687599566834489,91,0.659046797017483,negative
T02,T10,0.046761200511446104,0.046761200511446104,91,0.6598300152130884,positive
T03,E09,-0.04665304709238758,0.04665304709238758,91,0.6605682539841877,negative
E06,V08,-0.046501903741876884,0.046501903741876884,91,0.6616004795395722,negative
T01,S05,-0.04618245985151789,0.04618245985151789,91,0.6637841845897087,negative
S08,S11,-0.04604251808754303,0.04604251808754303,91,0.6647417068767656,negative
T03,S10,-0.045933890885955585,0.045933890885955585,91,0.665485336799913,negative
E10,S13,0.04584846754084114,0.04584846754084114,91,0.6660703472379258,positive
S10,V10,-0.045630859185793037,0.045630859185793037,91,0.6675615111739235,negative
T03,T04,-0.04560660124888492,0.04560660124888492,91,0.6677278190841767,negative
T07,T10,-0.045430289658649904,0.045430289658649904,91,0.668937060161162,negative
E07,E08,-0.04540005817309593,0.04540005817309593,91,0.6691444890946658,negative
S13,V12,0.04528836887002095,0.04528836887002095,91,0.6699110441148278,positive
S08,S14,0.045244201641586976,0.045244201641586976,91,0.6702142695192576,positive
T02,T07,0.04498082501039119,0.04498082501039119,91,0.6720235490814848,positive
E05,E08,0.04496037593086695,0.04496037593086695,91,0.6721641034329909,positive
T09,T15,-0.044848513833330106,0.044848513833330106,91,0.6729331737109979,negative
S01,V11,-0.04475359040470787,0.04475359040470787,91,0.6735860517538971,negative
E12,V05,-0.044640652646247725,0.044640652646247725,91,0.6743631463376553,negative
T07,T08,0.044561257015527725,0.044561257015527725,91,0.674909651019985,positive
S08,V07,-0.044505776976803295,0.044505776976803295,91,0.675291637357011,negative
V09,V10,-0.04422752196532174,0.04422752196532174,91,0.677208693259356,negative
E04,S01,-0.044215858606526076,0.044215858606526076,91,0.6772890937315782,negative
T05,V10,-0.04364534179263784,0.04364534179263784,91,0.6812263047815496,negative
T09,V04,-0.043631324161467054,0.043631324161467054,91,0.6813231503474935,negative
T05,T13,-0.043367448578051915,0.043367448578051915,91,0.6831471863023852,negative
T15,E10,-0.043331249156332984,0.043331249156332984,91,0.683397556451225,negative
T10,S12,-0.043307023989402546,0.043307023989402546,91,0.6835651268311984,negative
T02,S02,-0.043064277876395746,0.043064277876395746,91,0.6852450957175631,negative
E14,V15,0.04293850576590915,0.04293850576590915,91,0.6861161273637446,positive
E02,E06,0.04285879256618363,0.04285879256618363,91,0.686668391549192,positive
T14,V04,-0.04284986020861903,0.04284986020861903,91,0.6867302864230449,negative
E14,V01,-0.04276918421561017,0.04276918421561017,91,0.687289407077066,negative
E02,S04,0.04236822411710027,0.04236822411710027,91,0.6900707292784365,positive
T07,E15,-0.04230939270187818,0.04230939270187818,91,0.6904791700459597,negative
E02,S10,-0.04229222259768734,0.04229222259768734,91,0.6905983912750373,negative
E06,E12,-0.042270290955736346,0.042270290955736346,91,0.6907506853851464,negative
T08,S13,-0.04195586999954968,0.04195586999954968,91,0.6929353859701779,negative
T12,V09,0.0419368201619371,0.0419368201619371,91,0.6930678314377535,positive
T01,S15,-0.041920054839764444,0.041920054839764444,91,0.6931844012647499,negative
S04,S07,-0.041872451063260485,0.041872451063260485,91,0.6935154307741941,negative
E04,S07,-0.041829456757479656,0.041829456757479656,91,0.6938144561462992,negative
T07,T12,-0.04182347488510388,0.04182347488510388,91,0.6938560637805529,negative
T09,V01,-0.041664177743699245,0.041664177743699245,91,0.6949644076603869,negative
T06,T10,-0.04148564649214692,0.04148564649214692,91,0.6962073389640713,negative
E09,S10,-0.04141693716445319,0.04141693716445319,91,0.6966859060731474,negative
S04,V04,0.04130789756791999,0.04130789756791999,91,0.6974456209960552,positive
E04,E15,0.041242697417837294,0.041242697417837294,91,0.6979000345420497,positive
E01,S06,0.04117647067183414,0.04117647067183414,91,0.6983617119950766,positive
T07,T15,-0.04115939260132936,0.04115939260132936,91,0.6984807838141283,negative
T03,T07,0.041115584829813666,0.041115584829813666,91,0.6987862539522688,positive
S12,S14,-0.041012202505522455,0.041012202505522455,91,0.699507325503758,negative
E10,S01,-0.04087923819002202,0.04087923819002202,91,0.700435117363625,negative
S09,V04,0.04084355585950888,0.04084355585950888,91,0.7006841746364545,positive
S15,V08,0.04075894315095226,0.04075894315095226,91,0.7012748849508195,positive
V02,V09,0.04075577209632008,0.04075577209632008,91,0.7012970266237549,positive
E10,S09,0.04074910484234127,0.04074910484234127,91,0.7013435810837725,positive
E02,V13,0.04068913078363038,0.04068913078363038,91,0.701762402711828,positive
T11,S09,0.04055135837626112,0.04055135837626112,91,0.7027248569106724,positive
V08,V11,0.04050022900643468,0.04050022900643468,91,0.7030821571590926,positive
V05,V10,0.04033199128288389,0.04033199128288389,91,0.704258284167071,positive
T05,V15,0.04018049189942469,0.04018049189942469,91,0.7053179910537167,positive
E03,S01,0.03993500817101422,0.03993500817101422,91,0.7070362919006881,positive
T02,V03,0.039818251346286526,0.039818251346286526,91,0.7078540649254466,positive
T05,V09,-0.03978972125195812,0.03978972125195812,91,0.7080539421245576,negative
T02,E09,-0.03971423907381307,0.03971423907381307,91,0.7085828533098474,negative
T15,V09,-0.03955218540866062,0.03955218540866062,91,0.70971884605619,negative
T03,S04,-0.039518435044615594,0.039518435044615594,91,0.7099555153157356,negative
E01,E03,0.03950748061468671,0.03950748061468671,91,0.7100323374920012,positive
S01,S10,0.039427779464324644,0.039427779464324644,91,0.7105913598067424,positive
S05,S12,-0.03936499849170438,0.03936499849170438,91,0.7110318121283602,negative
T10,V02,-0.03934897585692927,0.03934897585692927,91,0.7111442372885528,negative
T13,S01,-0.039212562683755,0.039212562683755,91,0.7121016501853024,negative
S03,V04,-0.03909722333346212,0.03909722333346212,91,0.7129115052072057,negative
T11,V13,0.03902983002069586,0.03902983002069586,91,0.7133848545882405,positive
T05,S06,0.038940971432125444,0.038940971432125444,91,0.7140091351117714,positive
T01,V04,-0.03832368241734789,0.03832368241734789,91,0.7183511060970003,negative
T14,E03,0.038127324861790206,0.038127324861790206,91,0.7197341565752526,positive
E06,S01,-0.03793571729134174,0.03793571729134174,91,0.7210846203698394,negative
S04,V03,0.03785742733900646,0.03785742733900646,91,0.7216366599344602,positive
E08,S08,-0.03779588390957433,0.03779588390957433,91,0.7220707162056219,negative
E07,V13,-0.03775245638330559,0.03775245638330559,91,0.7223770567680159,negative
E04,E06,0.0376816788117708,0.0376816788117708,91,0.7228764200672068,positive
T13,E06,0.037592487950341154,0.037592487950341154,91,0.7235058615236457,positive
T02,S07,-0.03757646760090552,0.03757646760090552,91,0.7236189404931882,negative
T05,S01,-0.03752215217376144,0.03752215217376144,91,0.7240023678020027,negative
T15,V12,-0.037518468517200934,0.037518468517200934,91,0.7240283741975734,negative
E01,E08,-0.03728674514669774,0.03728674514669774,91,0.725664955664705,negative
T02,T11,-0.03727375905864459,0.03727375905864459,91,0.7257567084127147,negative
S01,V12,-0.037145303584796056,0.037145303584796056,91,0.726664514288993,negative
T05,E14,0.03704750910207685,0.03704750910207685,91,0.7273558894282841,positive
E10,V02,0.03692389800765042,0.03692389800765042,91,0.7282300918297305,positive
S06,V12,0.03684763913202417,0.03684763913202417,91,0.7287695833350573,positive
E15,S09,-0.0368462978463915,0.0368462978463915,91,0.7287790734093822,negative
T11,E03,0.03672789977918109,0.03672789977918109,91,0.7296169428118139,positive
S06,V06,0.036669587392977744,0.036669587392977744,91,0.7300297197014796,positive
T10,S01,0.03661756461199741,0.03661756461199741,91,0.7303980391635239,positive
E05,S09,0.036584346019168865,0.036584346019168865,91,0.7306332576174567,positive
T11,V12,-0.03635545431490365,0.03635545431490365,91,0.732254699162627,negative
E09,V10,-0.03630267093297608,0.03630267093297608,91,0.7326287774294062,negative
E05,V14,-0.03620215870339719,0.03620215870339719,91,0.7333412848612199,negative
T14,S08,0.03592606906477514,0.03592606906477514,91,0.7352995797895593,positive
V02,V10,0.035885958253855633,0.035885958253855633,91,0.7355842255873433,positive
S14,V08,0.035823808200810006,0.035823808200810006,91,0.7360253430407342,positive
T04,E05,-0.03580545345466935,0.03580545345466935,91,0.7361556344242184,negative
T03,T06,0.035534228037701225,0.035534228037701225,91,0.7380817989530429,positive
S01,V01,0.035306487393096046,0.035306487393096046,91,0.7397003971656684,positive
T07,S02,-0.03493882818724558,0.03493882818724558,91,0.742315814949967,negative
T07,E06,-0.034901039495828165,0.034901039495828165,91,0.7425847988272996,negative
E04,E13,-0.034832091591603206,0.034832091591603206,91,0.7430756568659067,negative
E08,E13,0.03477374367334202,0.03477374367334202,91,0.7434911310846367,positive
E09,E12,0.0347372109878382,0.0347372109878382,91,0.7437513043879969,positive
E04,E12,0.03466442607345124,0.03466442607345124,91,0.744269739384164,positive
T11,V11,0.03440530479814323,0.03440530479814323,91,0.7461163411418156,positive
E10,E13,0.03409919120806279,0.03409919120806279,91,0.7482996764850209,positive
E09,S13,-0.033981394469454834,0.033981394469454834,91,0.749140384119671,negative
E13,E15,0.03397215329709089,0.03397215329709089,91,0.7492063501772205,positive
E14,S02,0.033906810036917825,0.033906810036917825,91,0.7496728399803617,positive
T15,V01,0.03383579922124095,0.03383579922124095,91,0.7501798929099476,positive
V02,V06,0.0336572543752135,0.0336572543752135,91,0.7514552613076767,positive
E05,V12,0.03346793784722889,0.03346793784722889,91,0.7528083024685269,positive
T13,S14,-0.03341749769118653,0.03341749769118653,91,0.7531689233453894,negative
T12,V01,-0.03340488494656049,0.03340488494656049,91,0.753259106186201,negative
E12,V12,-0.03328050082986453,0.03328050082986453,91,0.7541486466199259,negative
E13,V07,-0.03324332515484381,0.03324332515484381,91,0.7544145729909407,negative
T10,T15,0.033227539398690456,0.033227539398690456,91,0.7545275008874818,positive
T09,V05,0.03312265791662453,0.03312265791662453,91,0.7552779313034705,positive
E13,V04,-0.0329950856102803,0.0329950856102803,91,0.7561910213406149,negative
T05,E15,0.032991497432811635,0.032991497432811635,91,0.7562167083212578,positive
T04,S02,-0.03277141252818666,0.03277141252818666,91,0.7577927534940235,negative
T11,S04,0.03274405713760259,0.03274405713760259,91,0.7579887168991872,positive
T15,V13,0.032681638839785705,0.032681638839785705,91,0.7584359145896927,positive
S06,V03,-0.03231099489266683,0.03231099489266683,91,0.7610930359118154,negative
S01,V13,-0.03224059169409862,0.03224059169409862,91,0.761598065918095,negative
T09,E15,0.032226974931225096,0.032226974931225096,91,0.7616957558764229,positive
E03,S03,-0.03210121386617541,0.03210121386617541,91,0.7625981725374817,negative
T05,V04,0.03201449600136576,0.03201449600136576,91,0.7632206140026008,positive
T12,V12,-0.03194628628650072,0.03194628628650072,91,0.7637103138742818,negative
E03,V15,-0.03180071315223286,0.03180071315223286,91,0.7647557416664041,negative
E05,S08,0.03171891427033605,0.03171891427033605,91,0.7653433622536844,positive
T03,S11,0.03167402799083789,0.03167402799083789,91,0.7656658693413868,positive
S02,V12,-0.03158477431482027,0.03158477431482027,91,0.7663072739508368,negative
E06,S04,-0.031288951987331,0.031288951987331,91,0.768434268732809,negative
S08,S10,-0.031198104398685225,0.031198104398685225,91,0.7690878177342633,negative
E04,S04,0.031093819157067642,0.031093819157067642,91,0.7698382348096657,positive
T03,E08,-0.030875284243582636,0.030875284243582636,91,0.771411457756561,negative
V03,V07,-0.03080593267913224,0.03080593267913224,91,0.7719109100957463,negative
E13,S04,-0.03072082837082851,0.03072082837082851,91,0.7725239366623541,negative
E14,S15,-0.030701894135221047,0.030701894135221047,91,0.772660343458076,negative
S09,V05,0.030604644864485418,0.030604644864485418,91,0.7733610593689044,positive
E03,E08,0.03060302089820204,0.03060302089820204,91,0.773372762172385,positive
V08,V09,0.03055636320701975,0.03055636320701975,91,0.7737090135519673,positive
E08,S05,-0.03049878140154708,0.03049878140154708,91,0.7741240500897899,negative
E04,V10,-0.03046364475543209,0.03046364475543209,91,0.7743773382229269,negative
T03,V07,0.030320288743946565,0.030320288743946565,91,0.7754109873652166,positive
E03,S02,0.030093781773795007,0.030093781773795007,91,0.7770449821800174,positive
T12,V03,-0.030030424674873036,0.030030424674873036,91,0.7775022068167653,negative
S06,S14,-0.02992623984785732,0.02992623984785732,91,0.7782542346428446,negative
T12,E03,-0.029842068803764814,0.029842068803764814,91,0.7788619479659128,negative
V02,V03,0.029741020557074,0.029741020557074,91,0.7795916899288186,positive
S06,V15,-0.029605525204815148,0.029605525204815148,91,0.7805704988263291,negative
T10,E05,0.02951975153662639,0.02951975153662639,91,0.7811902986188137,positive
E14,S06,0.029444094885589883,0.029444094885589883,91,0.7817371063817902,positive
S05,V14,0.029393958706005235,0.029393958706005235,91,0.7820995236219241,positive
S01,V09,0.02936139369378068,0.02936139369378068,91,0.782334949842198,positive
T03,E07,-0.02929135238870782,0.02929135238870782,91,0.7828413743961353,negative
E10,S04,-0.02900236178744924,0.02900236178744924,91,0.7849318379628044,negative
S11,S12,0.028990067181416036,0.028990067181416036,91,0.785020807070117,positive
T15,V08,-0.02890539439121549,0.02890539439121549,91,0.7856336110753894,negative
S13,V13,-0.028679188217650895,0.028679188217650895,91,0.7872713769205542,negative
T09,V03,-0.028664272012132622,0.028664272012132622,91,0.7873794050307759,negative
T11,V15,0.02854821504960637,0.02854821504960637,91,0.7882200652970809,positive
T04,E15,0.02854400491630961,0.02854400491630961,91,0.7882505660223893,positive
E07,S02,-0.028538771874696646,0.028538771874696646,91,0.7882884777526159,negative
T06,T09,-0.02839700857854142,0.02839700857854142,91,0.7893156952599353,negative
T09,E04,0.02829268293243722,0.02829268293243722,91,0.7900718694963228,positive
T05,S03,-0.027975898949914552,0.027975898949914552,91,0.7923691748045778,negative
E03,S10,0.027919812729903955,0.027919812729903955,91,0.7927760952376398,positive
E15,V11,0.027864073043824645,0.027864073043824645,91,0.7931805564457167,positive
T02,E03,-0.02778684803732508,0.02778684803732508,91,0.7937410109184143,negative
E06,E15,0.027515044076847996,0.027515044076847996,91,0.7957144381059221,positive
E06,V02,-0.027418044608334986,0.027418044608334986,91,0.7964190126266218,negative
E06,V13,-0.02735541749052198,0.02735541749052198,91,0.7968740036030507,negative
T06,T08,-0.027101717083599736,0.027101717083599736,91,0.7987178500262632,negative
T12,S08,-0.02708320888857267,0.02708320888857267,91,0.7988524074053849,negative
E09,S11,-0.027029718039975312,0.027029718039975312,91,0.7992413269690196,negative
T12,S12,-0.026892918175667926,0.026892918175667926,91,0.8002361895842739,negative
E04,V15,0.0268741838255564,0.0268741838255564,91,0.8003724580192765,positive
T15,E07,-0.026838126954113115,0.026838126954113115,91,0.8006347424486937,negative
S05,S09,-0.02653013267078831,0.02653013267078831,91,0.802876048218045,negative
T04,S03,0.026435682998176963,0.026435682998176963,91,0.8035636884720765,positive
T10,E02,-0.02642487665792015,0.02642487665792015,91,0.8036423735050902,negative
T10,V04,-0.026096237183514847,0.026096237183514847,91,0.806036252117206,negative
S02,V04,0.02595830264454816,0.02595830264454816,91,0.8070415300702204,positive
T09,V07,0.025882737281022233,0.025882737281022233,91,0.8075923894641768,positive
E12,V11,0.025750799531408502,0.025750799531408502,91,0.8085544192413777,positive
T07,S03,0.025540337645644142,0.025540337645644142,91,0.8100895996286955,positive
E06,S08,-0.025505531189024145,0.025505531189024145,91,0.8103435591251588,negative
E02,S01,0.025387684947308156,0.025387684947308156,91,0.8112035501223531,positive
E12,S14,0.025148942290874197,0.025148942290874197,91,0.8129464765652992,positive
S13,V11,0.025054461908699786,0.025054461908699786,91,0.8136364770485801,positive
S13,V06,0.02474770405965059,0.02474770405965059,91,0.815877740671706,positive
T04,S10,-0.024659498211014125,0.024659498211014125,91,0.8165224737442067,negative
E08,S06,0.024556736239480192,0.024556736239480192,91,0.817273757494041,positive
T13,V02,-0.02445678147081116,0.02445678147081116,91,0.8180046763918694,negative
V14,V15,0.02434419634986699,0.02434419634986699,91,0.8188281409529248,positive
E05,E14,0.024292723340693045,0.024292723340693045,91,0.8192046878139584,positive
E01,V03,0.023938002525009914,0.023938002525009914,91,0.8218007309620009,positive
T12,S01,-0.023675637825426,0.023675637825426,91,0.823722097462368,negative
E14,V06,-0.02331018113548434,0.02331018113548434,91,0.8264001635643825,negative
T01,T11,-0.02327692975522924,0.02327692975522924,91,0.826643928679271,negative
V11,V12,0.023242384310788736,0.023242384310788736,91,0.8268971979441616,positive
T11,V02,-0.023126244530696116,0.023126244530696116,91,0.8277488041712012,negative
T02,T13,0.023113284594373514,0.023113284594373514,91,0.8278438465315042,positive
T14,E09,-0.02284756215770037,0.02284756215770037,91,0.8297930801126079,negative
E09,E11,0.02268192355928381,0.02268192355928381,91,0.8310086607143017,positive
E14,S10,0.022680478062442652,0.022680478062442652,91,0.8310192706112286,positive
T08,S12,-0.022503275418265627,0.022503275418265627,91,0.832320160702719,negative
T14,S12,0.022378340928920385,0.022378340928920385,91,0.8332376085039588,positive
T05,E11,0.02234303148698993,0.02234303148698993,91,0.8334969414783323,positive
T02,T03,-0.021579840249037578,0.021579840249037578,91,0.8391065667632134,negative
S02,S09,0.02121177125659223,0.02121177125659223,91,0.8418148489111393,positive
T12,V15,0.021131949351332613,0.021131949351332613,91,0.8424024290857192,positive
T06,V14,-0.02109178679699543,0.02109178679699543,91,0.8426981038925574,negative
S11,S14,0.02103280178819996,0.02103280178819996,91,0.84313238821989,positive
E03,V01,-0.020875563080006036,0.020875563080006036,91,0.8442903061971377,negative
S09,V07,0.020862707612085037,0.020862707612085037,91,0.8443849895181316,positive
E09,S15,0.02084826765486547,0.02084826765486547,91,0.844491345583523,positive
E12,S12,0.020576967506241394,0.020576967506241394,91,0.8464900957824066,positive
T15,V04,-0.02055787428959411,0.02055787428959411,91,0.846630798012339,negative
T02,S13,0.020532588933853933,0.020532588933853933,91,0.846817138912549,positive
T15,E15,0.020510900700292236,0.020510900700292236,91,0.8469769774629964,positive
S03,V15,-0.0202486070585489,0.0202486070585489,91,0.8489105246390639,negative
S14,V05,0.02020439376472986,0.02020439376472986,91,0.8492365396483306,positive
E14,V11,-0.02017595215268031,0.02017595215268031,91,0.8494462726069978,negative
V12,V15,0.020017364908455737,0.020017364908455737,91,0.8506159117461382,positive
S04,V10,0.01984468340314214,0.01984468340314214,91,0.8518898687210894,positive
T13,E01,-0.019760893981846314,0.019760893981846314,91,0.8525081619035066,negative
E11,V10,-0.019667195195313635,0.019667195195313635,91,0.8531996831180901,negative
T09,E07,0.019665002061578486,0.019665002061578486,91,0.8532158703412499,positive
V03,V11,0.019661802679604143,0.019661802679604143,91,0.853239484655393,positive
T08,T10,0.019599020451054303,0.019599020451054303,91,0.853702900057493,positive
E13,S11,-0.019486958955974215,0.019486958955974215,91,0.8545301845004573,negative
E10,V06,-0.01948382986058946,0.01948382986058946,91,0.8545532870413941,negative
T11,E11,-0.018552077773235868,0.018552077773235868,91,0.8614379096230497,negative
S08,V15,0.018451698308316604,0.018451698308316604,91,0.8621802308407732,positive
E08,V06,-0.01841113830169584,0.01841113830169584,91,0.8624802121623258,negative
E09,V08,0.017913182027045824,0.017913182027045824,91,0.8661646669753037,positive
T02,E06,-0.01780374073802908,0.01780374073802908,91,0.8669748260830592,negative
T04,E01,0.017669899046355846,0.017669899046355846,91,0.8679658002927677,positive
T13,T14,-0.017631058069466195,0.017631058069466195,91,0.8682534201352903,negative
T03,S09,-0.017599407414818115,0.017599407414818115,91,0.8684878078728806,negative
T04,S01,-0.017491318070495414,0.017491318070495414,91,0.8692883450052392,negative
T13,V05,0.01746413581405541,0.01746413581405541,91,0.8694896844589048,positive
S12,V11,-0.017380153019008464,0.017380153019008464,91,0.8701117990008517,negative
S01,S06,-0.0172972068841841,0.0172972068841841,91,0.8707263119085209,negative
S06,S15,0.017070256496828785,0.017070256496828785,91,0.8724080826864574,positive
T03,V05,-0.017045748748998637,0.017045748748998637,91,0.8725897265419233,negative
S07,S12,-0.016911281560551744,0.016911281560551744,91,0.8735864730710368,negative
T06,S12,0.016785673050561282,0.016785673050561282,91,0.874517732321938,positive
S11,V13,0.016783896381146593,0.016783896381146593,91,0.8745309057458581,positive
E10,V11,-0.016703905945266655,0.016703905945266655,91,0.875124044087669,negative
T03,V08,-0.016690893895506216,0.016690893895506216,91,0.8752205364739071,negative
E12,E13,0.01662611355256419,0.01662611355256419,91,0.8757009498435949,positive
S07,V11,0.016605063203855637,0.016605063203855637,91,0.8758570696941907,positive
E03,V13,0.016594916085914825,0.016594916085914825,91,0.8759323274619052,positive
E01,E12,-0.016383258335080034,0.016383258335080034,91,0.8775023723799472,negative
E04,V08,0.016375424183146164,0.016375424183146164,91,0.8775604940552473,positive
E05,V09,-0.0163368367963017,0.0163368367963017,91,0.877846783844529,negative
E13,S05,-0.016073853739283047,0.016073853739283047,91,0.8797983394703904,negative
T12,E11,-0.016034602388511503,0.016034602388511503,91,0.880089679390797,negative
E08,V13,0.015898555152125352,0.015898555152125352,91,0.8810996020669941,positive
S03,V06,0.01587074009339279,0.01587074009339279,91,0.8813061057115833,positive
E09,S04,-0.015702719616186845,0.015702719616186845,91,0.8825536860247026,negative
E12,S02,-0.01565860108448335,0.01565860108448335,91,0.8828813211542993,negative
T07,S13,0.01544827476784744,0.01544827476784744,91,0.884443526250859,positive
T08,E14,-0.015407038151348381,0.015407038151348381,91,0.8847498644533144,negative
T09,T14,-0.015400116326972623,0.015400116326972623,91,0.8848012869007355,negative
E12,S07,0.015106558504198092,0.015106558504198092,91,0.8869825734732389,positive
V09,V12,0.014939164062359452,0.014939164062359452,91,0.8882267787744792,positive
T02,T05,-0.014893100194046953,0.014893100194046953,91,0.8885692088010491,negative
T07,S15,0.014564614796868075,0.014564614796868075,91,0.8910116957036363,positive
T06,T07,0.014428342173750842,0.014428342173750842,91,0.8920252645608443,positive
E13,S07,-0.01440576717576502,0.01440576717576502,91,0.8921931897256021,negative
S15,V02,0.0143056274660711,0.0143056274660711,91,0.8929381407728754,positive
E03,V12,-0.01422854072750689,0.01422854072750689,91,0.8935116613589089,negative
S10,V06,-0.014118387360370752,0.014118387360370752,91,0.8943312905522758,negative
T03,S15,-0.014098249675517063,0.014098249675517063,91,0.8944811430594704,negative
S12,V10,-0.013958415473709414,0.013958415473709414,91,0.8955218066894758,negative
E12,V02,0.013930482998175446,0.013930482998175446,91,0.8957297049054039,positive
S14,V01,-0.013787884823924875,0.013787884823924875,91,0.8967911561862019,negative
E13,E14,-0.01377124128618749,0.01377124128618749,91,0.8969150567715454,negative
T14,E10,0.013724763921647327,0.013724763921647327,91,0.8972610643570388,positive
S05,S06,0.013613516333829869,0.013613516333829869,91,0.8980893412934322,positive
T07,E04,0.013555812236855211,0.013555812236855211,91,0.8985190113915706,positive
V01,V08,0.01343762694853556,0.01343762694853556,91,0.8993991212520872,positive
E07,S10,-0.0132579830665233,0.0132579830665233,91,0.9007371375550566,negative
T13,E07,-0.013214122145948016,0.013214122145948016,91,0.9010638629542884,negative
E08,V08,-0.013182104213414066,0.013182104213414066,91,0.9013023788848884,negative
E12,S04,-0.013161929579380555,0.013161929579380555,91,0.9014526732766456,negative
E12,S03,0.013110053571671144,0.013110053571671144,91,0.9018391484140427,positive
E13,V06,0.012859572209538228,0.012859572209538228,91,0.9037055493863251,positive
T02,S03,0.012811118653178924,0.012811118653178924,91,0.9040666499853123,positive
T10,V09,-0.012783802502052697,0.012783802502052697,91,0.9042702324689288,negative
T13,E13,-0.012759704187664754,0.012759704187664754,91,0.9044498381160446,negative
E09,S14,-0.012695934762202208,0.012695934762202208,91,0.9049251372119769,negative
T08,E12,0.012627077153188618,0.012627077153188618,91,0.9054383981741597,positive
T09,S09,-0.012600758333277763,0.012600758333277763,91,0.9056345875298997,negative
S09,V02,0.01256556598028441,0.01256556598028441,91,0.905896932036994,positive
T13,S03,-0.01255690032148932,0.01255690032148932,91,0.9059615325066708,negative
S08,S15,0.012548785363988747,0.012548785363988747,91,0.9060220281809501,positive
E12,V15,0.01252150647125996,0.01252150647125996,91,0.9062253917699814,positive
T10,S13,-0.01230108796253762,0.01230108796253762,91,0.9078688278688147,negative
T15,S08,-0.01224169583969265,0.01224169583969265,91,0.9083117209836328,negative
E03,V04,0.01217404467279522,0.01217404467279522,91,0.908816236759882,positive
T12,E10,-0.011971564589151011,0.011971564589151011,91,0.9103264687961174,negative
T04,T12,0.011791645099140796,0.011791645099140796,91,0.9116686962890306,positive
S09,V13,-0.011574323005751513,0.011574323005751513,91,0.9132902831221088,negative
T11,E02,0.01113832308622104,0.01113832308622104,91,0.9165446365451122,positive
E09,V14,0.010999952250974328,0.010999952250974328,91,0.917577742390168,positive
E01,E14,-0.010927830126196351,0.010927830126196351,91,0.9181162757415848,negative
T03,E05,0.010903718335989845,0.010903718335989845,91,0.9182963258744749,positive
E02,E05,-0.01087939088576814,0.01087939088576814,91,0.9184779905810665,negative
T11,E06,-0.010835543462064619,0.010835543462064619,91,0.9188054308253311,negative
T04,E08,0.010792212085658318,0.010792212085658318,91,0.9191290306719946,positive
T05,V13,0.010728878813473711,0.010728878813473711,91,0.9196020288697733,positive
S04,S13,0.010712991395888079,0.010712991395888079,91,0.9197206868502014,positive
T01,V01,-0.010601480712849417,0.010601480712849417,91,0.9205535733599124,negative
T15,E06,-0.01054090325842925,0.01054090325842925,91,0.9210060695181265,negative
T01,T10,0.010489051017752696,0.010489051017752696,91,0.921393410815196,positive
T07,S14,0.01040654421519957,0.01040654421519957,91,0.9220097824330642,positive
T15,V11,-0.010398496188959666,0.010398496188959666,91,0.9220699081276564,negative
E01,E07,0.010386341646177032,0.010386341646177032,91,0.9221607138710326,positive
S15,V04,0.010347011195404798,0.010347011195404798,91,0.9224545557618394,positive
S03,S05,-0.010108130722407141,0.010108130722407141,91,0.9242394787222163,negative
S14,V07,-0.010084395089209658,0.010084395089209658,91,0.924416852802823,negative
S01,V07,0.010064601446579462,0.010064601446579462,91,0.9245647715960876,positive
E08,V14,0.009984467752411087,0.009984467752411087,91,0.9251636404937268,positive
T06,V11,0.009980087634756751,0.009980087634756751,91,0.9251963759466221,positive
T10,V12,-0.0097206072245239,0.0097206072245239,91,0.9271358612096723,negative
S10,S14,0.009673629502854547,0.009673629502854547,91,0.9274870418377582,positive
T09,V14,-0.009657699325034266,0.009657699325034266,91,0.9276061305870805,negative
V03,V08,-0.009645674788325051,0.009645674788325051,91,0.9276960231090157,negative
T04,V03,0.009629399536756175,0.009629399536756175,91,0.9278176943896206,positive
E01,S12,0.009318922192164526,0.009318922192164526,91,0.9301390898304112,positive
T15,E14,-0.009291082075206816,0.009291082075206816,91,0.9303472753097443,negative
T07,V08,0.009180048429527184,0.009180048429527184,91,0.9311776197542599,positive
T07,V05,0.009128491891746169,0.009128491891746169,91,0.9315632008121988,positive
T08,V10,0.00907519792861576,0.00907519792861576,91,0.9319617923229742,positive
E01,S03,-0.008944607948376428,0.008944607948376428,91,0.9329385600985477,negative
E14,S12,-0.008908872233151998,0.008908872233151998,91,0.9332058682194806,negative
E07,V01,-0.008431273373788196,0.008431273373788196,91,0.9367790732145321,negative
T06,V13,0.008391246370372982,0.008391246370372982,91,0.9370785972018025,positive
E08,V12,-0.008311231114608126,0.008311231114608126,91,0.9376773813972767,negative
E05,S10,0.008227699393487026,0.008227699393487026,91,0.9383025175826839,positive
S05,V11,0.008204588995529161,0.008204588995529161,91,0.9384754782093725,positive
T06,V04,0.008187907715572052,0.008187907715572052,91,0.9386003244205444,positive
T08,S10,-0.0077533271508685424,0.0077533271508685424,91,0.9418533308188579,negative
E10,S12,-0.007750332564230748,0.007750332564230748,91,0.9418757498471573,negative
E03,S08,-0.007486430847003617,0.007486430847003617,91,0.9438516307407572,negative
E12,S09,-0.007375753232774695,0.007375753232774695,91,0.9446803962638305,negative
T06,T14,-0.007164476318805824,0.007164476318805824,91,0.9462626225378852,negative
T14,E15,-0.007141264003370153,0.007141264003370153,91,0.9464364694688158,negative
T05,V02,-0.006873536496975552,0.006873536496975552,91,0.9484417741287325,negative
T07,E01,-0.006782212526042927,0.006782212526042927,91,0.949125873485314,negative
T10,S08,-0.006769617958054809,0.006769617958054809,91,0.9492202211243832,negative
E15,V03,0.006730707980314608,0.006730707980314608,91,0.9495117055285577,positive
S12,S15,-0.006650948658168264,0.006650948658168264,91,0.9501092233382946,negative
S03,V11,0.006300529692348038,0.006300529692348038,91,0.9527347130735455,positive
T01,S07,0.006284849489454577,0.006284849489454577,91,0.9528522079010695,positive
T03,V13,-0.006169127292569834,0.006169127292569834,91,0.9537193679465906,negative
E12,E15,0.005918173117452324,0.005918173117452324,91,0.9556000675778109,positive
T11,S11,-0.005699151710164875,0.005699151710164875,91,0.9572416557752539,negative
T02,S01,0.005686841428197026,0.005686841428197026,91,0.9573339279730556,positive
S10,V01,0.005655320183843854,0.005655320183843854,91,0.9575701992464731,positive
S07,S14,-0.0056198794969413305,0.0056198794969413305,91,0.9578358535475617,negative
V01,V06,0.005611623109213576,0.005611623109213576,91,0.9578977419750112,positive
E01,S04,-0.005559560175637706,0.005559560175637706,91,0.958288002281957,negative
S01,V15,-0.005297221952734422,0.005297221952734422,91,0.9602546198980872,negative
T07,E11,0.005245569961273171,0.005245569961273171,91,0.9606418572689929,positive
T12,S10,0.005240814640205915,0.005240814640205915,91,0.9606775085914032,positive
E15,S06,0.005169852352890857,0.005169852352890857,91,0.9612095321575383,positive
E09,S05,-0.005026006212825821,0.005026006212825821,91,0.9622880376442725,negative
S04,V07,0.004974510121979037,0.004974510121979037,91,0.9626741529969516,positive
S09,S15,0.0049347018288328475,0.0049347018288328475,91,0.9629726396748165,positive
T05,T09,0.0047228228623229585,0.0047228228623229585,91,0.9645614148052506,positive
E02,V01,-0.004715159010730029,0.004715159010730029,91,0.9646188848511837,negative
T03,E14,0.004579830427127234,0.004579830427127234,91,0.9656337226092334,positive
E08,S15,0.004567937623198168,0.004567937623198168,91,0.965722910150669,positive
E06,V09,-0.004555971982039964,0.004555971982039964,91,0.965812644344756,negative
T01,S12,-0.004539969654787085,0.004539969654787085,91,0.9659326516120355,negative
V01,V05,0.0045204715641392135,0.0045204715641392135,91,0.9660788759042894,positive
V06,V11,0.004452675388847868,0.004452675388847868,91,0.9665873163202162,positive
E12,S13,-0.0044482852012634536,0.0044482852012634536,91,0.9666202411887708,negative
T05,E01,0.004241101653195173,0.004241101653195173,91,0.9681741078501559,positive
S12,V02,0.004209545353305227,0.004209545353305227,91,0.9684107891523045,positive
S11,V01,-0.004098295365197578,0.004098295365197578,91,0.9692452176616319,negative
E15,V04,-0.003950963448756163,0.003950963448756163,91,0.9703503288118162,negative
E10,S15,-0.003950931975000969,0.003950931975000969,91,0.9703505648970483,negative
E05,V05,-0.0038790562921267773,0.0038790562921267773,91,0.9708897123744,negative
E08,V15,0.0037676334177195897,0.0037676334177195897,91,0.9717255334900107,positive
E15,S10,-0.0037557451408938417,0.0037557451408938417,91,0.9718147133414385,negative
T14,S13,0.0036082248433129873,0.0036082248433129873,91,0.9729213646183057,positive
E01,V06,-0.003560391247606374,0.003560391247606374,91,0.9732802084434412,negative
E05,V02,-0.0035164992729971745,0.0035164992729971745,91,0.9736094872205928,negative
T10,E03,0.0034643549729696595,0.0034643549729696595,91,0.9740006809079186,positive
S01,S09,-0.0033535128262999975,0.0033535128262999975,91,0.9748322541974463,negative
T15,V15,0.0030428185208564097,0.0030428185208564097,91,0.9771633228935597,positive
T05,E03,0.002843205575115773,0.002843205575115773,91,0.9786610758117795,positive
E04,E14,-0.0027079334540499986,0.0027079334540499986,91,0.9796761035115237,negative
E07,S03,0.0026962014226603404,0.0026962014226603404,91,0.9797641375135698,positive
S14,V15,-0.0025569743318950683,0.0025569743318950683,91,0.9808088782901033,negative
E03,V09,0.002504998066449273,0.002504998066449273,91,0.9811989093654231,positive
S03,V10,0.0024452214644856804,0.0024452214644856804,91,0.9816474797997361,positive
T08,V13,-0.0022858781513725,0.0022858781513725,91,0.9828432376741962,negative
T14,S09,-0.0022343654169627906,0.0022343654169627906,91,0.9832298122244775,negative
T10,S04,-0.002218142580748806,0.002218142580748806,91,0.9833515564337671,negative
T14,E05,-0.002166493429746574,0.002166493429746574,91,0.9837391598051449,negative
E04,V03,0.002162321451267925,0.002162321451267925,91,0.9837704687707605,positive
E12,V14,-0.002154588764582589,0.002154588764582589,91,0.9838284994374425,negative
T01,S08,-0.001939381389245212,0.001939381389245212,91,0.9854435758722986,negative
T11,V03,-0.0018995886215986905,0.0018995886215986905,91,0.9857422170572685,negative
E01,S09,-0.0016886442694494907,0.0016886442694494907,91,0.9873253674903322,negative
E11,V03,-0.0016210102155716183,0.0016210102155716183,91,0.9878329759363859,negative
V01,V07,0.001617033819349585,0.001617033819349585,91,0.9878628198170516,positive
T01,T04,-0.001600917540850282,0.001600917540850282,91,0.9879837768202095,negative
E05,S12,-0.0014336689184671304,0.0014336689184671304,91,0.9892390382222875,negative
T02,E02,-0.0013618770010034886,0.0013618770010034886,91,0.9897778707397754,negative
E07,V15,-0.0012784922576454779,0.0012784922576454779,91,0.9904037186714575,negative
T04,E13,-0.0012225912563209867,0.0012225912563209867,91,0.9908232894178622,negative
S04,S08,-0.0010394141059662102,0.0010394141059662102,91,0.9921981613375631,negative
E07,E13,-0.001035444046722247,0.001035444046722247,91,0.9922279596601441,negative
T01,E11,-0.0008762217381468207,0.0008762217381468207,91,0.9934230528699467,negative
T09,E14,-0.0008482372205072969,0.0008482372205072969,91,0.9936331010589584,negative
T13,S11,0.0008323841243187185,0.0008323841243187185,91,0.993752092552736,positive
E04,S13,-0.0007805157787819273,0.0007805157787819273,91,0.9941414112547533,negative
S07,V03,0.0006890234231151088,0.0006890234231151088,91,0.9948281471671401,positive
T15,V02,-0.0006531288457242502,0.0006531288457242502,91,0.9950975706815195,negative
T07,S12,-0.0006491592790774872,0.0006491592790774872,91,0.9951273661521813,negative
S10,V02,0.0006013660168509826,0.0006013660168509826,91,0.9954861017280955,positive
S03,S06,-0.0005934245380766998,0.0005934245380766998,91,0.9955457104485383,negative
S05,V12,0.00036640540425272633,0.00036640540425272633,91,0.9972497245805417,positive
T10,S10,0.00033451075887146523,0.00033451075887146523,91,0.9974891281481905,positive
T02,V10,0.0001234489240658948,0.0001234489240658948,91,0.9990733784944736,positive
